<?xml version="1.0" encoding="UTF-8"?>

<!-- generated on 2023-10-02 13:55:40 by Eclipse SUMO sumo Version 1.12.0
<configuration xmlns:xsi="http://www.w3.org/2001/XMLSchema-instance" xsi:noNamespaceSchemaLocation="http://sumo.dlr.de/xsd/sumoConfiguration.xsd">

    <input>
        <net-file value="../../InTAS/scenario/ingolstadt.net.xml"/>
        <route-files value="../../InTAS/scenario/routes/InTAS_emv_2_3.rou.xml,../../InTAS/scenario/routes/InTAS_0200_0300.rou.xml"/>
        <additional-files value="../../InTAS/scenario/BusStations.add.xml,../../InTAS/scenario/InTAS_E1.add.xml,../../InTAS/scenario/InTAS.poly.xml"/>
    </input>

    <output>
        <summary-output value="../../InTAS/scenario/InTAS.simulation.summary.xml"/>
        <tripinfo-output value="../../InTAS/scenario/InTAS.simulation.tripinfo.xml"/>
        <statistic-output value="../../InTAS/scenario/InTAS.simulation.statistic.xml"/>
    </output>

    <time>
        <begin value="6000"/>
        <step-length value="1"/>
    </time>

    <processing>
        <threads value="1"/>
        <route-steps value="200"/>
        <ignore-junction-blocker value="15"/>
        <time-to-teleport value="300"/>
        <time-to-teleport.highways value="300"/>
        <max-depart-delay value="300"/>
        <default.carfollowmodel value="Krauss"/>
        <parking.maneuver value="true"/>
        <pedestrian.model value="striping"/>
        <pedestrian.striping.stripe-width value="0.55"/>
        <pedestrian.striping.jamtime value="30"/>
    </processing>

    <routing>
        <routing-algorithm value="dijkstra"/>
        <persontrip.transfer.car-walk value="allJunctions"/>
        <device.rerouting.probability value="0.82"/>
        <device.rerouting.explicit value="default_001,default_002,default_003,default_004,default_005,default_006,default_007,default_008,default_009,default_010,default_011,default_012,default_013,default_014,default_015,default_016,default_017,default_018,default_019,default_020,default_021,default_022,random_001,random_002,random_003,random_004,random_005,random_006,random_007,random_008,random_009,random_010,random_011,random_012,random_013,random_014,random_015,random_016,random_017,random_018,random_019,random_020,random_021,random_022"/>
        <device.rerouting.period value="300"/>
        <device.rerouting.threads value="1"/>
        <device.rerouting.synchronize value="true"/>
    </routing>

    <report>
        <verbose value="true"/>
        <no-warnings value="true"/>
        <log value="../../InTAS/scenario/InTAS.simulation.log"/>
        <duration-log.statistics value="true"/>
    </report>

    <tripinfo_device>
        <device.tripinfo.probability value="0"/>
    </tripinfo_device>

    <traci_server>
        <remote-port value="40115"/>
    </traci_server>

    <gui_only>
        <gui-settings-file value="../../InTAS/scenario/InTAS.view.xml"/>
        <tracker-interval value="1"/>
    </gui_only>

</configuration>
-->

<tripinfos xmlns:xsi="http://www.w3.org/2001/XMLSchema-instance" xsi:noNamespaceSchemaLocation="http://sumo.dlr.de/xsd/tripinfo_file.xsd">
    <tripinfo id="emv_0" depart="7200.00" departLane="25122830#0_1" departPos="6.60" departSpeed="12.50" departDelay="0.00" arrival="7409.00" arrivalLane="-315358246_1" arrivalPos="99.50" arrivalSpeed="20.05" duration="209.00" routeLength="2350.11" waitingTime="46.00" waitingCount="3" stopTime="0.00" timeLoss="90.74" rerouteNo="1" devices="tripinfo_emv_0 routing_emv_0" vType="emergency_veh" speedFactor="1.50" vaporized=""/>
    <tripinfo id="emv_1" depart="8100.00" departLane="25122830#0_1" departPos="6.60" departSpeed="12.50" departDelay="0.00" arrival="8309.00" arrivalLane="-315358246_1" arrivalPos="99.50" arrivalSpeed="20.08" duration="209.00" routeLength="2352.16" waitingTime="54.00" waitingCount="3" stopTime="0.00" timeLoss="90.83" rerouteNo="1" devices="tripinfo_emv_1 routing_emv_1" vType="emergency_veh" speedFactor="1.50" vaporized=""/>
    <tripinfo id="emv_2" depart="9000.00" departLane="25122830#0_1" departPos="6.60" departSpeed="12.50" departDelay="0.00" arrival="9208.00" arrivalLane="-315358246_1" arrivalPos="99.50" arrivalSpeed="20.36" duration="208.00" routeLength="2352.16" waitingTime="53.00" waitingCount="4" stopTime="0.00" timeLoss="90.11" rerouteNo="1" devices="tripinfo_emv_2 routing_emv_2" vType="emergency_veh" speedFactor="1.50" vaporized=""/>
    <tripinfo id="emv_3" depart="9900.00" departLane="25122830#0_1" departPos="6.60" departSpeed="12.50" departDelay="0.00" arrival="10109.00" arrivalLane="-315358246_1" arrivalPos="99.50" arrivalSpeed="20.57" duration="209.00" routeLength="2352.16" waitingTime="52.00" waitingCount="3" stopTime="0.00" timeLoss="90.62" rerouteNo="1" devices="tripinfo_emv_3 routing_emv_3" vType="emergency_veh" speedFactor="1.50" vaporized=""/>
    <tripinfo id="emv_4" depart="10800.00" departLane="25122830#0_1" departPos="6.60" departSpeed="12.50" departDelay="0.00" arrival="11008.00" arrivalLane="-315358246_1" arrivalPos="99.50" arrivalSpeed="20.41" duration="208.00" routeLength="2350.11" waitingTime="50.00" waitingCount="3" stopTime="0.00" timeLoss="90.29" rerouteNo="1" devices="tripinfo_emv_4 routing_emv_4" vType="emergency_veh" speedFactor="1.50" vaporized=""/>
</tripinfos>
