<?xml version="1.0" encoding="UTF-8"?>

<!-- generated on Tue Apr  6 14:28:35 2021 by Eclipse SUMO netedit Version 1.8.0
<configuration xmlns:xsi="http://www.w3.org/2001/XMLSchema-instance" xsi:noNamespaceSchemaLocation="http://sumo.dlr.de/xsd/netconvertConfiguration.xsd">

    <input>
        <sumo-net-file value="InTASped.net.xml"/>
    </input>

    <output>
        <output-file value="InTASped.net.xml"/>
    </output>

    <processing>
        <geometry.min-radius.fix.railways value="false"/>
        <geometry.max-grade.fix value="false"/>
        <offset.disable-normalization value="true"/>
        <lefthand value="false"/>
    </processing>

    <junctions>
        <no-internal-links value="false"/>
        <no-turnarounds value="true"/>
        <junctions.corner-detail value="5"/>
        <junctions.limit-turn-speed value="5.5"/>
        <rectangular-lane-cut value="false"/>
    </junctions>

    <pedestrian>
        <walkingareas value="false"/>
    </pedestrian>

    <netedit>
        <additional-files value="/home/lobo/intas-development/BusStations1.add.xml"/>
    </netedit>

    <report>
        <aggregate-warnings value="5"/>
    </report>

</configuration>
-->

<additional xmlns:xsi="http://www.w3.org/2001/XMLSchema-instance" xsi:noNamespaceSchemaLocation="http://sumo.dlr.de/xsd/additional_file.xsd">
    <busStop id="10" lane="-107431496#4_1" startPos="58.23" endPos="73.23" name="Spitzlmühle" friendlyPos="1"/>
    <busStop id="100" lane="64464432#2_1" startPos="17.50" endPos="27.50" name="Heydeckstraße"/>
    <busStop id="101" lane="-205182378#6_1" startPos="19.10" endPos="29.10" name="Fraunhoferstraße"/>
    <busStop id="102" lane="22603941#2_1" startPos="37.30" endPos="52.30" name="Am Eichelanger" friendlyPos="1"/>
    <busStop id="103" lane="-205182378#2_1" startPos="120.52" endPos="130.52" name="Paul-Wegmann-Halle"/>
    <busStop id="104" lane="-205182378#14_1" startPos="58.70" endPos="68.70" name="Asamstraße"/>
    <busStop id="105" lane="-20314044#0_1" startPos="93.14" endPos="103.14" name="Schröplerstraße"/>
    <busStop id="106" lane="150746347#0_1" startPos="49.63" endPos="64.63" name="Mariengarten" friendlyPos="1"/>
    <busStop id="107" lane="-203127050_1" startPos="29.23" endPos="39.23" name="Nordbanhof"/>
    <busStop id="108" lane="-20266195#3_1" startPos="2.85" endPos="12.85" name="Tassilostraße"/>
    <busStop id="109" lane="-202070435#11_1" startPos="122.82" endPos="137.82" name="Schellingstraße" friendlyPos="1"/>
    <busStop id="11" lane="-32923863#1_1" startPos="89.85" endPos="99.85" name="Rankestraße"/>
    <busStop id="110" lane="-202070429#5_1" startPos="167.08" endPos="177.08" name="Geibelstraße"/>
    <busStop id="111" lane="-201963533#1.145_1" startPos="61.55" endPos="76.55" name="Permoserstraße"/>
    <busStop id="112" lane="-201956816#0_1" startPos="45.47" endPos="60.47" name="Peisserstraße"/>
    <busStop id="113" lane="41522169#1_1" startPos="47.58" endPos="57.58" name="Am Kreuzäcker"/>
    <busStop id="114" lane="-201956812_1" startPos="3.15" endPos="18.15" name="Weismannstraße" friendlyPos="1"/>
    <busStop id="115" lane="-201953160#4_1" startPos="110.90" endPos="125.90" name="Stargarder Straße"/>
    <busStop id="116" lane="-201950263#10_1" startPos="228.09" endPos="243.09" name="Waldeysenstraße" friendlyPos="1"/>
    <busStop id="117" lane="-201950263#6_1" startPos="161.55" endPos="176.55" name="Nordfriedhof" friendlyPos="1"/>
    <busStop id="118" lane="-201950261#3_1" startPos="1.30" endPos="16.30" name="Am Pulverl" friendlyPos="1"/>
    <busStop id="119" lane="-201933879#1_1" startPos="80.21" endPos="95.21" name="Lindberghstraße" friendlyPos="1" lines="41"/>
    <busStop id="12" lane="-32530108#2_1" startPos="65.42" endPos="75.42" name="Hans-Mielich-Straße"/>
    <busStop id="120" lane="42444460#4_1" startPos="16.67" endPos="27.17" name="Am Auwaldsee" friendlyPos="1"/>
    <busStop id="121" lane="201953163#3_1" startPos="62.77" endPos="77.27" name="Peisserstraße" friendlyPos="1"/>
    <busStop id="122" lane="24970784#0_1" startPos="130.60" endPos="140.52" name="Frühlingstraße" friendlyPos="1"/>
    <busStop id="123" lane="23622271#6_1" startPos="44.26" endPos="58.76" name="Audi - Tradition" friendlyPos="1"/>
    <busStop id="124" lane="32061997#1_1" startPos="129.76" endPos="139.76" name="Audi - Tor 10" friendlyPos="1"/>
    <busStop id="125" lane="-201926269#0_1" startPos="8.26" endPos="18.26" name="Pettenkoferstraße"/>
    <busStop id="126" lane="-201926265#6_1" startPos="62.07" endPos="77.07" name="Buchnerstraße" friendlyPos="1"/>
    <busStop id="127" lane="-201894096#3_1" startPos="135.66" endPos="150.66" name="Audi - GVZ" lines="44"/>
    <busStop id="128" lane="-201828014#0_1" startPos="1.80" endPos="11.80" name="Dorfplatz, Oberhaunstadt"/>
    <busStop id="129" lane="391891458#0_1" startPos="6.40" endPos="16.40" name="Westfriedhof"/>
    <busStop id="13" lane="-32350852#1_1" startPos="14.04" endPos="34.04" name="Stadttheater"/>
    <busStop id="130" lane="-201789799#0_1" startPos="6.55" endPos="16.55" name="Regensburger Straße"/>
    <busStop id="131" lane="-201789796#0_1" startPos="19.69" endPos="29.69" name="Gutenbergstraße"/>
    <busStop id="132" lane="-201400763#0_1" startPos="31.86" endPos="41.86" name="Rothenturm"/>
    <busStop id="133" lane="-201400751#0_1" startPos="279.54" endPos="289.54" name="Meinlettenstraße"/>
    <busStop id="134" lane="58295043_1" startPos="1.99" endPos="12.83" name="Rankestraße" friendlyPos="1"/>
    <busStop id="135" lane="174609517#0_1" startPos="102.28" endPos="117.28" name="Haunwöhrer Straße"/>
    <busStop id="136" lane="205182378#13_1" startPos="45.12" endPos="55.12" name="Asamstraße" friendlyPos="1"/>
    <busStop id="137" lane="23184252#1_1" startPos="91.79" endPos="101.79" name="Feselenstraße" friendlyPos="1"/>
    <busStop id="138" lane="205182378#6_1" startPos="32.12" endPos="42.12" name="a" friendlyPos="1"/>
    <busStop id="139" lane="201926265#5_1" startPos="1.86" endPos="11.86" name="Buchnerstraße" friendlyPos="1"/>
    <busStop id="14" lane="-32203888#2_1" startPos="111.83" endPos="121.83" name="Friedhof, Oberhaunstadt"/>
    <busStop id="140" lane="107431496#4_1" startPos="14.04" endPos="29.04" name="Spitzlmühle" friendlyPos="1"/>
    <busStop id="141" lane="-201286890#6_1" startPos="10.96" endPos="20.96" name="Canisiusstraße"/>
    <busStop id="142" lane="37255681#5_1" startPos="24.75" endPos="32.25" friendlyPos="1"/>
    <busStop id="143" lane="-201286890#3_1" startPos="19.28" endPos="29.28" name="Frueaufstraße"/>
    <busStop id="144" lane="51180454#1_1" startPos="55.34" endPos="65.34" name="Langgasse" friendlyPos="1"/>
    <busStop id="145" lane="113566916#11_1" startPos="30.97" endPos="40.97" name="Schrobenhausener Straße" friendlyPos="1"/>
    <busStop id="146" lane="315512845#0_1" startPos="72.79" endPos="87.79" name="Schrobenhausener Straße" friendlyPos="1"/>
    <busStop id="147" lane="23184143#6_1" startPos="94.58" endPos="109.58" name="Oberringstraße" friendlyPos="1"/>
    <busStop id="148" lane="391029004#0_1" startPos="35.37" endPos="45.37" name="Wallensteinstraße" friendlyPos="1"/>
    <busStop id="149" lane="60100821#0_1" startPos="44.02" endPos="54.02" name="Fauststraße" friendlyPos="1"/>
    <busStop id="15" lane="-32140444#3_1" startPos="98.63" endPos="108.63" name="Nobelstraße"/>
    <busStop id="150" lane="113566916#1_1" startPos="43.57" endPos="58.57" name="Berliner Straße"/>
    <busStop id="151" lane="23184143#4_1" startPos="52.96" endPos="67.96" name="Zeppelinstraße" friendlyPos="1"/>
    <busStop id="152" lane="23184143#0_1" startPos="6.67" endPos="21.67" name="Spitalhofstraße" friendlyPos="1"/>
    <busStop id="153" lane="26288509#5_1" startPos="3.90" endPos="18.90" name="Wittelsbacherstraße" friendlyPos="1"/>
    <busStop id="154" lane="-201238718#0_1" startPos="80.59" endPos="95.59" name="Gabelsbergerstraße" friendlyPos="1"/>
    <busStop id="155" lane="-201201945#8_1" startPos="24.83" endPos="39.83" name="Gaimersheimer Straße" friendlyPos="1"/>
    <busStop id="156" lane="137685155#0_1" startPos="3.88" endPos="11.38" name="Audi - Forum" friendlyPos="1"/>
    <busStop id="157" lane="-201201945#0_1" startPos="18.52" endPos="33.52" name="Ungernederstraße" friendlyPos="1"/>
    <busStop id="158" lane="-201201940#0_1" startPos="8.60" endPos="18.60" name="Johann-Michael-Sailer-Straße"/>
    <busStop id="159" lane="391606922_1" startPos="18.61" endPos="28.61" name="Nordbanhof"/>
    <busStop id="16" lane="124812857#0_1" startPos="38.01" endPos="53.01" name="Westfriedhof" friendlyPos="1"/>
    <busStop id="160" lane="-201201936#13_1" startPos="83.91" endPos="93.91" name="Bei der Hollerstaude"/>
    <busStop id="17" lane="-320733910#1_1" startPos="72.38" endPos="87.38" name="Audi - GVZ, Halle H" friendlyPos="1" lines="44"/>
    <busStop id="170" lane="-393420106#1_1" startPos="138.89" endPos="148.89" name="Schatzgerstraße"/>
    <busStop id="171" lane="-200908888#0_1" startPos="48.45" endPos="63.45" name="Aubürgerstraße" friendlyPos="1" lines="16"/>
    <busStop id="172" lane="-18813598#7_1" startPos="25.51" endPos="40.51" name="Zoo Wasserstern" friendlyPos="1"/>
    <busStop id="173" lane="-18813598#1_1" startPos="4.84" endPos="19.84"/>
    <busStop id="174" lane="-18809673#6_1" startPos="8.82" endPos="23.82" name="Haslangstraße" friendlyPos="1"/>
    <busStop id="175" lane="-174609517#3_1" startPos="23.98" endPos="38.98" name="Haunwöhrer Straße" friendlyPos="1"/>
    <busStop id="176" lane="-173169612_1" startPos="2.36" endPos="17.36" name="Linnéstraße" friendlyPos="1"/>
    <busStop id="177" lane="-173169611#3_1" startPos="314.26" endPos="329.26" name="Brodmühlweg" friendlyPos="1"/>
    <busStop id="178" lane="-164078531#0.84_1" startPos="6.87" endPos="16.87" name="Audi - Tor 10"/>
    <busStop id="179" lane="391029011#3_1" startPos="23.35" endPos="38.35" name="Dr.-Maier-Straße" friendlyPos="1"/>
    <busStop id="18" lane="-320733910#1_1" startPos="385.32" endPos="400.32" name="Audi - Tradition" friendlyPos="1" lines="44"/>
    <busStop id="180" lane="-155847374#2_1" startPos="177.52" endPos="187.52" name="Südfriedhof"/>
    <busStop id="181" lane="-155847374#0_1" startPos="305.87" endPos="315.87" name="An der Lagerschanze"/>
    <busStop id="182" lane="-273123309#0_1" startPos="258.98" endPos="268.98" name="Lena-Christ-Straße"/>
    <busStop id="183" lane="-150746347#1_1" startPos="12.76" endPos="27.76" name="Mariengarten" friendlyPos="1"/>
    <busStop id="184" lane="-148527688#1_1" startPos="2.51" endPos="17.51" name="Horchstraße"/>
    <busStop id="185" lane="-148527678#0_1" startPos="100.37" endPos="115.37" name="Lilienthalstraße" friendlyPos="1"/>
    <busStop id="186" lane="-147014252#2_1" startPos="24.10" endPos="34.10" name="Am Eichelanger"/>
    <busStop id="187" lane="-146973236#6_1" startPos="303.67" endPos="313.67" name="Hackerstraße"/>
    <busStop id="188" lane="-146973236#5_1" startPos="195.04" endPos="205.04" name="Mailing, Schule" friendlyPos="1"/>
    <busStop id="189" lane="-146973236#4_1" startPos="234.91" endPos="244.91" name="Seidelbaststraße" friendlyPos="1"/>
    <busStop id="19" lane="-320733909#2_1" startPos="16.34" endPos="31.34" name="Audi - GVZ, Halle H" lines="44"/>
    <busStop id="190" lane="391029014#0_1" startPos="3.32" endPos="18.32" name="Grundnerstraße"/>
    <busStop id="191" lane="-145069303#4_1" startPos="9.98" endPos="29.98" name="Technische Hochschule"/>
    <busStop id="192" lane="201286890#3_1" startPos="78.04" endPos="88.04" name="Frueaufstraße" friendlyPos="1"/>
    <busStop id="193" lane="201286890#6_1" startPos="47.99" endPos="57.99" name="Canisiusstraße" friendlyPos="1"/>
    <busStop id="194" lane="141058755#1_1" startPos="84.95" endPos="99.95" name="Geisenfelder Straße" friendlyPos="1"/>
    <busStop id="195" lane="22486112#0_1" startPos="21.13" endPos="31.56" name="Erletstraße" friendlyPos="1"/>
    <busStop id="196" lane="20266195#2_1" startPos="47.51" endPos="57.51" name="Tassilostraße" friendlyPos="1"/>
    <busStop id="197" lane="20314044#0_1" startPos="43.85" endPos="53.85" name="Schröplerstraße" friendlyPos="1"/>
    <busStop id="198" lane="233673410#0_1" startPos="4.45" endPos="14.45" name="Klinik Dr. Reiser" friendlyPos="1"/>
    <busStop id="199" lane="-144655547#1_1" startPos="6.68" endPos="16.68" name="Beilngrieser Straße"/>
    <busStop id="20" lane="-32061997#2_1" startPos="85.62" endPos="95.62" name="Audi - Tor 10"/>
    <busStop id="200" lane="145069303#4_1" startPos="6.36" endPos="26.36" name="Technische Hochschule" friendlyPos="1"/>
    <busStop id="201" lane="201238718#0_1" startPos="133.58" endPos="148.58" name="Gabelsbergerstraße" friendlyPos="1"/>
    <busStop id="202" lane="315392062#0_1" startPos="51.40" endPos="66.54" name="Telemannstraße" friendlyPos="1"/>
    <busStop id="203" lane="201201945#2_1" startPos="80.28" endPos="95.28" name="Ungernederstraße" friendlyPos="1"/>
    <busStop id="204" lane="54606422#3_1" startPos="18.92" endPos="30.44" name="Einbogen" friendlyPos="1"/>
    <busStop id="205" lane="266607804#1_1" startPos="42.26" endPos="57.26" name="St. Markus" friendlyPos="1"/>
    <busStop id="206" lane="82628963#4_1" startPos="118.82" endPos="133.82" name="Gaimersheim, Mittlere Heide" friendlyPos="1" lines="50"/>
    <busStop id="207" lane="24537982#2_1" startPos="3.38" endPos="13.38" name="Rechbergstraße" friendlyPos="1"/>
    <busStop id="208" lane="176550249#4_1" startPos="7.47" endPos="22.97" name="Alban-Berg-Straße" friendlyPos="1"/>
    <busStop id="209" lane="201201953#4_1" startPos="11.74" endPos="26.74" name="Keplerstraße" friendlyPos="1"/>
    <busStop id="21" lane="-32061928#1_1" startPos="42.08" endPos="82.08" name="Universität (Kreuztor)"/>
    <busStop id="210" lane="315358242#3_1" startPos="45.88" endPos="60.88" name="Ettinger Straße" friendlyPos="1"/>
    <busStop id="211" lane="24634510#16_1" startPos="40.08" endPos="55.08" name="Bezirkssportanlage Nord-West" friendlyPos="1" lines="58"/>
    <busStop id="212" lane="24634505_1" startPos="12.54" endPos="27.54" name="Hugo-Wolf-Straße" friendlyPos="1"/>
    <busStop id="213" lane="24634510#1_1" startPos="96.18" endPos="111.18" name="Richard-Strauss-Straße" friendlyPos="1" lines="58"/>
    <busStop id="214" lane="200908887_1" startPos="15.42" endPos="25.42" name="Aubürgerstraße" friendlyPos="1"/>
    <busStop id="215" lane="390282481_1" startPos="19.09" endPos="29.09" name="Christoph-Scheiner-Gymnasium" friendlyPos="1"/>
    <busStop id="216" lane="128906555_1" startPos="28.13" endPos="43.13" name="Haltmayrstraße" friendlyPos="1"/>
    <busStop id="217" lane="266567306_1" startPos="20.37" endPos="35.37" name="Heydeckstraße" friendlyPos="1"/>
    <busStop id="218" lane="54169280#4_1" startPos="10.57" endPos="25.57" name="Hindemithstraße" friendlyPos="1"/>
    <busStop id="219" lane="42745545#3_1" startPos="39.28" endPos="54.28" name="Lannerstraße" friendlyPos="1"/>
    <busStop id="22" lane="-315358250#0_1" startPos="0.79" endPos="10.79" name="Audi - Forum"/>
    <busStop id="220" lane="266567304#0_1" startPos="35.25" endPos="50.25" name="Nürnberger Straße" friendlyPos="1"/>
    <busStop id="221" lane="201963533#1_1" startPos="11.96" endPos="26.96" name="Permoserstraße" friendlyPos="1"/>
    <busStop id="222" lane="305495773#0_1" startPos="113.19" endPos="128.19" name="Pestalozzistraße" friendlyPos="1"/>
    <busStop id="223" lane="141058765#1_1" startPos="20.95" endPos="35.95" name="Saturn-Arena" friendlyPos="1"/>
    <busStop id="224" lane="4268816#1_1" startPos="43.93" endPos="58.93" name="Saturn-Arena" friendlyPos="1"/>
    <busStop id="225" lane="315358242#0_1" startPos="74.73" endPos="84.73" name="St. Johannes Ettinger Straße" friendlyPos="1"/>
    <busStop id="226" lane="54169280#1_1" startPos="19.01" endPos="34.01" name="Stadtwerke Continental" friendlyPos="1"/>
    <busStop id="227" lane="28639688#1_1" startPos="8.67" endPos="23.67" name="Stadtwerke Continental" friendlyPos="1"/>
    <busStop id="228" lane="51856496#4_1" startPos="22.66" endPos="37.66" name="d" friendlyPos="1"/>
    <busStop id="229" lane="144655547#1_1" startPos="136.67" endPos="146.67" name="Beilngrieser Straße" friendlyPos="1"/>
    <busStop id="23" lane="-315358248#1_1" startPos="16.99" endPos="31.99" name="Scherzerstraße" friendlyPos="1"/>
    <busStop id="230" lane="29459182#0_1" startPos="99.75" endPos="109.75" name="Weckenweg" friendlyPos="1"/>
    <busStop id="231" lane="29459180#0_1" startPos="44.96" endPos="54.96" name="Am Augraben" friendlyPos="1"/>
    <busStop id="232" lane="25377287#7_1" startPos="78.70" endPos="88.70" name="Friedhof, Oberhaunstadt" friendlyPos="1"/>
    <busStop id="233" lane="153220338#2_1" startPos="6.43" endPos="21.43" name="Lena-Christ-Straße" friendlyPos="1"/>
    <busStop id="234" lane="274823622#0_1" startPos="45.02" endPos="60.02" name="Oberer Grasweg" friendlyPos="1"/>
    <busStop id="235" lane="137463478#1_1" startPos="63.22" endPos="78.22" name="Unterer Grasweg" friendlyPos="1"/>
    <busStop id="236" lane="21224502_1" startPos="299.35" endPos="314.35" name="Am Stadtweg" friendlyPos="1"/>
    <busStop id="237" lane="32530108#2_1" startPos="12.24" endPos="27.24" name="Hans-Mielich-Straße" friendlyPos="1"/>
    <busStop id="238" lane="32530108#3_1" startPos="127.09" endPos="142.09" name="Paul-Wegmann-Halle" friendlyPos="1"/>
    <busStop id="239" lane="266887585#0_1" startPos="11.41" endPos="26.41" name="Pionierkaserne" friendlyPos="1"/>
    <busStop id="24" lane="-315358242#2_1" startPos="4.61" endPos="14.61" name="Ettinger Straße"/>
    <busStop id="240" lane="48742425#2_1" startPos="80.91" endPos="95.91" name="Schwäblstraße" friendlyPos="1"/>
    <busStop id="241" lane="25638761#2_1" startPos="35.95" endPos="45.15" name="Georgstraße" friendlyPos="1"/>
    <busStop id="242" lane="23422659_1" startPos="57.46" endPos="62.62" name="Hegnenbergstraße" friendlyPos="1"/>
    <busStop id="243" lane="25638761#0_1" startPos="19.97" endPos="34.97" name="Deschinger Straße" friendlyPos="1"/>
    <busStop id="244" lane="97304242#6_1" startPos="137.16" endPos="147.16" name="Hölderlinstraße" friendlyPos="1"/>
    <busStop id="245" lane="202070427#1_1" startPos="2.28" endPos="17.28" name="Körnerstraße" friendlyPos="1"/>
    <busStop id="246" lane="33280102#2_1" startPos="55.49" endPos="70.49" name="Körnerstraße" friendlyPos="1"/>
    <busStop id="247" lane="51244813#7_1" startPos="19.24" endPos="34.24" name="Mendlstraße" friendlyPos="1"/>
    <busStop id="248" lane="27196044#3_1" startPos="9.44" endPos="24.44" name="Semmerseeweg" friendlyPos="1"/>
    <busStop id="249" lane="202070427#2_1" startPos="56.77" endPos="71.77" name="Uhlandstraße" friendlyPos="1"/>
    <busStop id="25" lane="-315358242#0_1" startPos="73.71" endPos="83.71" name="St. Johannes Ettinger Straße"/>
    <busStop id="250" lane="33280102#0_1" startPos="7.92" endPos="22.92" name="Uhlandstraße" friendlyPos="1"/>
    <busStop id="251" lane="26346717#4_1" startPos="8.66" endPos="18.50" name="An der Lagerschanze" friendlyPos="1"/>
    <busStop id="252" lane="233673422#4_1" startPos="56.47" endPos="66.47" name="St. Salvator" friendlyPos="1"/>
    <busStop id="253" lane="233673422#7_1" startPos="11.99" endPos="26.99" name="Unsernherrn, Schule" friendlyPos="1"/>
    <busStop id="254" lane="202070429#5_1" startPos="81.68" endPos="91.68" name="Geibelstraße" friendlyPos="1"/>
    <busStop id="255" lane="201789794#0_1" startPos="19.12" endPos="29.57" name="Kurt-Huber-Straße" friendlyPos="1"/>
    <busStop id="256" lane="30482638#11_1" startPos="13.57" endPos="23.57" name="Ganghoferstraße" friendlyPos="1"/>
    <busStop id="257" lane="149045269#2_1" startPos="13.75" endPos="23.75" name="Kurt-Huber-Straße" friendlyPos="1"/>
    <busStop id="258" lane="23166741#2_1" startPos="15.27" endPos="30.27" name="St. Pius - kroppstraße" friendlyPos="1"/>
    <busStop id="259" lane="201201950#3_1" startPos="18.93" endPos="33.93" name="St. Pius - Mozartstraße" friendlyPos="1"/>
    <busStop id="26" lane="-308849647_1" startPos="86.83" endPos="96.83" name="Kurt-Huber-Straße-Goethestraße" friendlyPos="1"/>
    <busStop id="260" lane="146973236#6_1" startPos="94.84" endPos="104.84" name="Hackerstraße" friendlyPos="1"/>
    <busStop id="261" lane="146973236#5_1" startPos="66.21" endPos="76.21" name="Mailing, Schule" friendlyPos="1"/>
    <busStop id="262" lane="201950261#4_1" startPos="14.49" endPos="29.49" name="Am Pulverl" friendlyPos="1"/>
    <busStop id="263" lane="26450419#3_1" startPos="28.06" endPos="42.38" name="Caspar Schoppe Straße" friendlyPos="1"/>
    <busStop id="264" lane="201933881#6_1" startPos="253.01" endPos="268.01" name="Schulzentrum SW, Gustav-Adolf-Straße" friendlyPos="1"/>
    <busStop id="265" lane="140834249#7_1" startPos="4.91" endPos="19.91" name="Egerlandstraße" friendlyPos="1"/>
    <busStop id="266" lane="31342350#2_1" startPos="95.10" endPos="110.10" name="Feldschlößl" friendlyPos="1"/>
    <busStop id="267" lane="4942575#0_1" startPos="109.75" endPos="124.75" name="Feldschlößl" friendlyPos="1"/>
    <busStop id="268" lane="137463475#0_1" startPos="121.79" endPos="136.79" name="Friedrich-Ebert-Straße" friendlyPos="1"/>
    <busStop id="269" lane="201953161#0_1" startPos="8.06" endPos="17.10" name="Liegnitzer Straße" friendlyPos="1"/>
    <busStop id="27" lane="-307536275#4_1" startPos="136.24" endPos="151.24" name="Steigerwaldstraße" friendlyPos="1" lines="58"/>
    <busStop id="270" lane="25626614#2_1" startPos="145.76" endPos="160.76" name="Peringerstraße" friendlyPos="1"/>
    <busStop id="271" lane="25625950_1" startPos="90.58" endPos="105.58" name="Peringerstraße" friendlyPos="1"/>
    <busStop id="272" lane="153692837#2_1" startPos="63.39" endPos="78.39" name="Schulbus" friendlyPos="1"/>
    <busStop id="273" lane="25626614#0_1" startPos="9.02" endPos="24.52" name="Schölnhammerstraße" friendlyPos="1"/>
    <busStop id="274" lane="201953160#3_1" startPos="5.61" endPos="20.61" name="Stargarder Straße" friendlyPos="1"/>
    <busStop id="275" lane="31342350#0_1" startPos="92.08" endPos="107.08" name="Theodor-Heuss-Straße" friendlyPos="1"/>
    <busStop id="276" lane="4942575#2_1" startPos="206.20" endPos="221.20" name="Theodor-Heuss-Straße" friendlyPos="1"/>
    <busStop id="277" lane="31342347_1" startPos="39.77" endPos="54.77" name="Theodor-Heuss-Brücke" friendlyPos="1"/>
    <busStop id="278" lane="26677214#0_1" startPos="94.47" endPos="109.47" name="Pfitznerstraße" friendlyPos="1"/>
    <busStop id="279" lane="173169611#1_1" startPos="5.59" endPos="20.59" name="Brodmühlweg" friendlyPos="1"/>
    <busStop id="28" lane="393420112#1_1" startPos="87.88" endPos="97.88" name="Jurastraße" lines="58"/>
    <busStop id="280" lane="201956819#0_1" startPos="51.66" endPos="66.66" friendlyPos="1"/>
    <busStop id="281" lane="-141058755#1_1" startPos="78.57" endPos="88.57" name="Geisenfelder Straße"/>
    <busStop id="282" lane="-140834255#1_1" startPos="25.78" endPos="40.78" name="Liegnitzer Straße" friendlyPos="1"/>
    <busStop id="283" lane="-138002149#2_1" startPos="62.36" endPos="77.36" name="Continental - Stadtwerke" friendlyPos="1" lines="X12"/>
    <busStop id="284" lane="389840423#1_1" startPos="58.91" endPos="68.41" name="Pettenkoferstraße" friendlyPos="1"/>
    <busStop id="285" lane="-137463478#2_1" startPos="51.63" endPos="65.63" name="Unterer Grasweg"/>
    <busStop id="286" lane="-137463475#1_1" startPos="19.47" endPos="34.47" name="Friedrich-Ebert-Straße" friendlyPos="1"/>
    <busStop id="287" lane="25316895_1" startPos="27.49" endPos="42.49" name="Audi Tor 3" friendlyPos="1"/>
    <busStop id="288" lane="-136728347#4_1" startPos="212.11" endPos="222.11" name="Haltmayrstraße"/>
    <busStop id="289" lane="39444748#5_1" startPos="8.03" endPos="18.75" name="Elisabethstraße" friendlyPos="1"/>
    <busStop id="29" lane="320733897#0_1" startPos="4.89" endPos="19.39" name="Gaimersheim, Gewerbegebiet" friendlyPos="1"/>
    <busStop id="290" lane="-129379922_1" startPos="2.04" endPos="17.04" name="Audi - Senefelderstraße"/>
    <busStop id="291" lane="164051438#0_1" startPos="48.69" endPos="58.69" name="Donautherme Wonnemar" friendlyPos="1"/>
    <busStop id="292" lane="-126909931_1" startPos="167.21" endPos="182.21" name="Audi - August-Horch-Straße"/>
    <busStop id="293" lane="24061326#3_1" startPos="18.97" endPos="33.97" name="Osnabrücker Straße" friendlyPos="1"/>
    <busStop id="294" lane="389831363#0_1" startPos="60.27" endPos="100.27" name="Universität (Kreuztor)"/>
    <busStop id="295" lane="379514689_1" startPos="3.94" endPos="13.94" name="dZentraler Omnibus Bahnhof - Bussteig 6" friendlyPos="1"/>
    <busStop id="296" lane="51244813#0_1" startPos="23.75" endPos="36.87" name="Auenstraße" friendlyPos="1"/>
    <busStop id="297" lane="379514688_1" startPos="5.05" endPos="13.05" friendlyPos="1"/>
    <busStop id="298" lane="257907860#0_1" startPos="73.18" endPos="88.18" name="Pestalozzistraße" friendlyPos="1"/>
    <busStop id="299" lane="379514687_1" startPos="3.87" endPos="13.87" name="dZentraler Omnibus Bahnhof - Bussteig 4" friendlyPos="1"/>
    <busStop id="30" lane="392714143#1_1" startPos="2.25" endPos="8.75" name="Am Westpark 1" friendlyPos="1"/>
    <busStop id="300" lane="201933879#0_1" startPos="20.48" endPos="35.48" name="Lindberghstraße" friendlyPos="1"/>
    <busStop id="301" lane="379514685_1" startPos="5.90" endPos="13.90" name="dZentraler Omnibus Bahnhof - Bussteig 8" friendlyPos="1"/>
    <busStop id="302" lane="386687235_1" startPos="39.30" endPos="54.30" name="Ettinger Straße" friendlyPos="1"/>
    <busStop id="303" lane="386687242_1" startPos="39.83" endPos="54.83" name="Ettinger Straße" friendlyPos="1"/>
    <busStop id="304" lane="35744155#2_1" startPos="40.43" endPos="55.43" name="Am Westpark 2" friendlyPos="1"/>
    <busStop id="305" lane="29459180#1_1" startPos="168.73" endPos="183.73" name="Nobelstraße" friendlyPos="1"/>
    <busStop id="306" lane="320733909#1_1" startPos="6.53" endPos="21.53" name="Audi - GVZ, Halle H" lines="44"/>
    <busStop id="307" lane="29027727#0_1" startPos="26.01" endPos="41.01" name="Nordbahnhof Ost" friendlyPos="1"/>
    <busStop id="308" lane="26339476#0_1" startPos="8.72" endPos="15.22" name="St. Anton" friendlyPos="1"/>
    <busStop id="309" lane="320733908_1" startPos="326.17" endPos="341.17" name="Audi - GVZ, Halle H" friendlyPos="1" lines="44"/>
    <busStop id="31" lane="138002148_1" startPos="26.11" endPos="41.11" friendlyPos="1"/>
    <busStop id="310" lane="201933877#0_1" startPos="29.91" endPos="44.91" name="Aventinstraße" friendlyPos="1"/>
    <busStop id="311" lane="320733892#0_1" startPos="12.70" endPos="22.70" name="Horchstraße"/>
    <busStop id="312" lane="176550249#2_1" startPos="19.64" endPos="34.64" name="Richard-Wagner-Straße" friendlyPos="1"/>
    <busStop id="313" lane="201201938#1_1" startPos="41.73" endPos="56.73" name="Am Westpark 3" friendlyPos="1"/>
    <busStop id="314" lane="29027727#7_1" startPos="113.19" endPos="123.19" name="Wielandstraße"/>
    <busStop id="315" lane="31342349#3_1" startPos="14.32" endPos="29.32" name="Theodor-Heuss-Brücke" friendlyPos="1"/>
    <busStop id="316" lane="266607795#0_1" startPos="6.74" endPos="16.74" name="Schneiderbauerstraße"/>
    <busStop id="317" lane="315358248#0_1" startPos="46.86" endPos="61.86" name="Scherzerstraße" friendlyPos="1"/>
    <busStop id="318" lane="25508272#1_1" startPos="9.77" endPos="24.77" name="Audi - August-Horch-Straße"/>
    <busStop id="319" lane="51856495#0_1" startPos="18.24" endPos="33.24" name="Zentraler Omnibus Bahnhof" friendlyPos="1"/>
    <busStop id="32" lane="128361109#0_1" startPos="15.09" endPos="30.09" name="Audi-Ring Am Westpark" friendlyPos="1" lines="58"/>
    <busStop id="320" lane="25377287#5_1" startPos="4.02" endPos="14.02" name="Röntgenstraße"/>
    <busStop id="321" lane="24754837#4_1" startPos="20.97" endPos="35.97" name="Schultheißstraße" friendlyPos="1"/>
    <busStop id="322" lane="220012723_1" startPos="152.45" endPos="167.45" name="Audi - GVZ" lines="44"/>
    <busStop id="323" lane="32350852#0_1" startPos="214.03" endPos="234.03" name="Stadttheater" friendlyPos="1"/>
    <busStop id="324" lane="21224499#1_1" startPos="100.07" endPos="110.07" name="Hauptbanhof OST" friendlyPos="1" lines="17"/>
    <busStop id="325" lane="203976003#11_1" startPos="7.76" endPos="17.76" name="Martin-Hemm-Straße"/>
    <busStop id="326" lane="61738382#0_1" startPos="26.88" endPos="40.91" name="Beim Schmalzbuckel" friendlyPos="1"/>
    <busStop id="327" lane="71809618#4_1" startPos="30.69" endPos="45.69" name="Blücherstraße" friendlyPos="1"/>
    <busStop id="328" lane="24982688#3_1" startPos="4.03" endPos="24.03" name="Rathausplatz" friendlyPos="1"/>
    <busStop id="329" lane="62798408_1" startPos="3.69" endPos="23.69" name="Rathausplatz" friendlyPos="1"/>
    <busStop id="33" lane="-306431425#3_1" startPos="14.74" endPos="24.74" name="Maximilianstraßec" friendlyPos="1"/>
    <busStop id="330" lane="201950252#2_1" startPos="10.49" endPos="20.49" name="Schulzentrum Südwest, Maximilianstraße" friendlyPos="1"/>
    <busStop id="331" lane="29238015_1" startPos="10.37" endPos="20.87" name="dZentraler Omnibus Bahnhof - Bussteig 2" friendlyPos="1"/>
    <busStop id="332" lane="31342066_1" startPos="25.27" endPos="35.77" name="Zentraler Omnibus Bahnhof 12" friendlyPos="1"/>
    <busStop id="333" lane="29238022_1" startPos="3.20" endPos="12.00" name="Zentraler Omnibus Bahnhof" friendlyPos="1"/>
    <busStop id="334" lane="29238023_1" startPos="3.82" endPos="12.00" name="Zentraler Omnibus Bahnhof" friendlyPos="1"/>
    <busStop id="335" lane="29238024_1" startPos="3.14" endPos="13.00" name="Zentraler Omnibus Bahnhof" friendlyPos="1"/>
    <busStop id="336" lane="51856493#0_1" startPos="10.43" endPos="22.43" name="Zentraler Omnibus Bahnhof" friendlyPos="1"/>
    <busStop id="337" lane="28319300#3_1" startPos="57.70" endPos="70.20" name="Herschelstraße" friendlyPos="1"/>
    <busStop id="338" lane="28319300#0_1" startPos="24.94" endPos="39.94" name="Gaimersheimer Straße" friendlyPos="1"/>
    <busStop id="339" lane="155847374#1_1" startPos="31.99" endPos="41.99" name="Südfriedhof" friendlyPos="1"/>
    <busStop id="34" lane="-30482638#2_1" startPos="27.87" endPos="37.87" name="Heysestraße" friendlyPos="1"/>
    <busStop id="340" lane="24754837#1_1" startPos="1.68" endPos="16.63" name="Am Dachsberg" friendlyPos="1"/>
    <busStop id="341" lane="24754837#2_1" startPos="2.42" endPos="15.55" name="Werdenfelser Straße" friendlyPos="1"/>
    <busStop id="342" lane="138002149#2_1" startPos="45.16" endPos="60.16" name="Continental - Stadtwerke" friendlyPos="1"/>
    <busStop id="343" lane="-381248004_1" startPos="17.71" endPos="22.01" name="Lentinger Straße" friendlyPos="1"/>
    <busStop id="344" lane="202070435#9_1" startPos="170.29" endPos="185.29" name="Schellingstraße" friendlyPos="1"/>
    <busStop id="345" lane="26356922#5_1" startPos="11.93" endPos="26.93" name="Speckweg" friendlyPos="1"/>
    <busStop id="346" lane="24754876#5_1" startPos="19.53" endPos="34.53" name="Levelingstraße" friendlyPos="1" lines="58"/>
    <busStop id="347" lane="41139660#0_1" startPos="49.17" endPos="64.17" name="Parreutstraße" friendlyPos="1"/>
    <busStop id="348" lane="30315926#0_1" startPos="128.96" endPos="138.96" name="Niederfelder Straße"/>
    <busStop id="349" lane="41494741#1_1" startPos="43.08" endPos="58.08" name="Meinlettenstraße" friendlyPos="1"/>
    <busStop id="35" lane="130185488#1_1" startPos="4.56" endPos="19.56" name="Friedrichshofener Straße" friendlyPos="1"/>
    <busStop id="350" lane="201238726#0_1" startPos="19.77" endPos="34.77" name="Bezirkssportanlage Nord-West" friendlyPos="1"/>
    <busStop id="351" lane="201400763#0_1" startPos="47.57" endPos="57.57" name="Rothenturm"/>
    <busStop id="352" lane="54606432#8_1" startPos="9.65" endPos="19.65" name="Halbritterstraße" friendlyPos="1"/>
    <busStop id="353" lane="201201953#10_1" startPos="195.57" endPos="210.57" name="Richard-Wagner-Straße" friendlyPos="1"/>
    <busStop id="354" lane="18809673#7_1" startPos="26.90" endPos="41.90" name="Haslangstraße" friendlyPos="1"/>
    <busStop id="355" lane="173169612_1" startPos="2.30" endPos="17.30" name="Linnéstraße" friendlyPos="1"/>
    <busStop id="356" lane="165414587#1_1" startPos="24.92" endPos="34.92" name="Nordbanhof"/>
    <busStop id="357" lane="140834255#0_1" startPos="38.35" endPos="53.35" name="Liegnitzer Straße" friendlyPos="1"/>
    <busStop id="358" lane="306431425#0_1" startPos="235.25" endPos="250.25" name="Maximilianstraßec" friendlyPos="1"/>
    <busStop id="359" lane="128668757_1" startPos="125.27" endPos="135.57" name="Audi - TOR 9" friendlyPos="1" lines="X11"/>
    <busStop id="36" lane="136728344#4_1" startPos="128.50" endPos="143.50" name="Friedrichshofener Straße" friendlyPos="1"/>
    <busStop id="360" lane="108310250_1" startPos="35.53" endPos="55.53" name="Harderstraße"/>
    <busStop id="361" lane="39444316_1" startPos="8.48" endPos="23.48" name="St. Anton" friendlyPos="1"/>
    <busStop id="362" lane="-97304242#6_1" startPos="3.94" endPos="13.94" name="Hölderlinstraße" friendlyPos="1"/>
    <busStop id="363" lane="-97304242#3_1" startPos="55.08" endPos="65.08" name="Unterhaunstädter Weg"/>
    <busStop id="364" lane="40623117#0_1" startPos="81.06" endPos="96.06" name="Eigenheimstraße" friendlyPos="1"/>
    <busStop id="365" lane="-71809618#4_1" startPos="4.13" endPos="19.13" name="Blücherstraße"/>
    <busStop id="366" lane="-653473569#1_1" startPos="15.00" endPos="30.00" name="Heidemannstraße" friendlyPos="1"/>
    <busStop id="367" lane="-62798408_1" startPos="5.66" endPos="25.66" name="Rathausplatz"/>
    <busStop id="368" lane="146973236#2_1" startPos="221.24" endPos="236.24" name="Seidelbaststraße" friendlyPos="1"/>
    <busStop id="369" lane="-61738382#2_1" startPos="49.25" endPos="59.25" name="Beim Schmalzbuckel"/>
    <busStop id="37" lane="-30482638#11_1" startPos="115.22" endPos="125.22" name="Ganghoferstraße"/>
    <busStop id="370" lane="164078531#0_1" startPos="3.22" endPos="13.22" name="Audi Tor 10 (Linie 11)" friendlyPos="1"/>
    <busStop id="371" lane="-60100821#0_1" startPos="44.04" endPos="54.04" name="Fauststraße"/>
    <busStop id="372" lane="-55691388#0_1" startPos="4.65" endPos="19.65" name="Caspar-Schoppe-Straße" friendlyPos="1"/>
    <busStop id="373" lane="-54606432#8_1" startPos="11.96" endPos="21.96" name="Halbritterstraße"/>
    <busStop id="374" lane="-54606422#0_1" startPos="15.19" endPos="25.19" name="Einbogen"/>
    <busStop id="375" lane="-32021408_1" startPos="360.08" endPos="375.08" name="Audi Tor 3" friendlyPos="1"/>
    <busStop id="376" lane="-542650762_1" startPos="25.01" endPos="40.01" name="Schölnhammerstraße" friendlyPos="1"/>
    <busStop id="377" lane="148527678#0_1" startPos="33.56" endPos="48.56" name="Lilienthalstraße" friendlyPos="1"/>
    <busStop id="378" lane="4942659#0_1" startPos="80.02" endPos="93.34" name="O3" friendlyPos="1"/>
    <busStop id="379" lane="-54154969#2_1" startPos="7.75" endPos="17.75" name="Marienplatz" friendlyPos="1"/>
    <busStop id="38" lane="-113566916#11_1" startPos="10.31" endPos="20.31" name="Schrobenhausener Straße"/>
    <busStop id="380" lane="-51856496#5_1" startPos="1.73" endPos="11.73" name="Taschenturm"/>
    <busStop id="381" lane="-51856496#0_1" startPos="14.48" endPos="24.48" name="Christoph-Scheiner-Gymnasium" friendlyPos="1"/>
    <busStop id="382" lane="-51856493#1_1" startPos="5.20" endPos="15.20" name="Zentraler Omnibus Bahnhof" friendlyPos="1"/>
    <busStop id="383" lane="-51262567#1_1" startPos="148.59" endPos="163.59" name="Am Stadtweg" friendlyPos="1"/>
    <busStop id="384" lane="54154971_1" startPos="15.74" endPos="30.74" name="Marienplatz" friendlyPos="1"/>
    <busStop id="385" lane="-441810448#2_1" startPos="106.71" endPos="121.71" name="Sustrisstraße" friendlyPos="1"/>
    <busStop id="386" lane="10425532#0_1" startPos="0.00" endPos="6.50" name="H6" friendlyPos="1"/>
    <busStop id="387" lane="-51244813#6_1" startPos="8.61" endPos="23.61" name="Mendlstraße" friendlyPos="1"/>
    <busStop id="388" lane="-51244813#0_1" startPos="2.64" endPos="17.64" name="Auenstraße" friendlyPos="1"/>
    <busStop id="389" lane="-51180454#1_1" startPos="44.38" endPos="54.38" name="Langgasse"/>
    <busStop id="39" lane="-51262568_1" startPos="69.96" endPos="84.96" name="Niederfelder Straße" friendlyPos="1"/>
    <busStop id="390" lane="-48742425#2_1" startPos="44.31" endPos="59.31" name="Schwäblstraße" friendlyPos="1"/>
    <busStop id="391" lane="-42444460#4_1" startPos="6.81" endPos="16.81" name="Am Auwaldsee" friendlyPos="1"/>
    <busStop id="392" lane="-41522169#2_1" startPos="146.23" endPos="161.23" name="Am Kreuzäcker" friendlyPos="1"/>
    <busStop id="393" lane="-41139660#1_1" startPos="95.01" endPos="110.01" name="Parreutstraße"/>
    <busStop id="394" lane="37282688#2_1" startPos="112.87" endPos="127.87" name="Weningstraße" friendlyPos="1"/>
    <busStop id="395" lane="-40888351#0_1" startPos="75.42" endPos="90.42" name="Leharstraße" friendlyPos="1" lines="44"/>
    <busStop id="396" lane="-398653115_1" startPos="3.44" endPos="12.00" name="Zentraler Omnibus Bahnhof" friendlyPos="1"/>
    <busStop id="397" lane="-39861708_1" startPos="2.11" endPos="12.11" name="Deschinger Straße"/>
    <busStop id="398" lane="-39444748#7_1" startPos="27.19" endPos="37.19" name="Elisabethstraße"/>
    <busStop id="399" lane="-391891457_1" startPos="2.27" endPos="17.27" name="Humboldtstraße" friendlyPos="1"/>
    <busStop id="40" lane="-29459182#1_1" startPos="27.66" endPos="37.66" name="Weckenweg"/>
    <busStop id="400" lane="-391606911#0_1" startPos="168.57" endPos="183.57" name="Jupiterstraße" friendlyPos="1"/>
    <busStop id="401" lane="-391208992#0_1" startPos="166.62" endPos="181.62" name="Dr.-Maier-Straße" friendlyPos="1"/>
    <busStop id="402" lane="-391208988_1" startPos="1.27" endPos="16.27" name="Eigenheimstraße"/>
    <busStop id="403" lane="-391029012#0_1" startPos="2.69" endPos="17.69" name="Osnabrücker Straße" friendlyPos="1"/>
    <busStop id="404" lane="-391029004#0_1" startPos="42.01" endPos="52.01" name="Wallensteinstraße"/>
    <busStop id="405" lane="-390068133#0_1" startPos="6.74" endPos="21.74" name="Jurastraße" friendlyPos="1" lines="58"/>
    <busStop id="406" lane="-389840420#2_1" startPos="107.03" endPos="122.03" name="Auf der Schanz" friendlyPos="1"/>
    <busStop id="407" lane="-307562643#0_1" startPos="95.21" endPos="110.21" name="Gaimersheim, Mittlere Heide" friendlyPos="1" lines="50"/>
    <busStop id="408" lane="32061928#5_1" startPos="165.29" endPos="180.29" name="Auf der Schanz"/>
    <busStop id="409" lane="30482638#0_1" startPos="117.15" endPos="132.15" name="Heysestraße" friendlyPos="1"/>
    <busStop id="41" lane="378946911_1" startPos="18.84" endPos="33.84" name="Klinikum" friendlyPos="1"/>
    <busStop id="410" lane="201789799#1_1" startPos="11.11" endPos="21.11" name="Regensburger Straße" friendlyPos="1"/>
    <busStop id="411" lane="-379521569#0_1" startPos="73.21" endPos="83.21" name="Schulzentrum Südwest, Maximilianstraße"/>
    <busStop id="412" lane="-379514690_1" startPos="5.09" endPos="15.09" name="dZentraler Omnibus Bahnhof - Bussteig 5" friendlyPos="1"/>
    <busStop id="413" lane="-379514686_1" startPos="3.40" endPos="13.40" name="dZentraler Omnibus Bahnhof - Bussteig 9" friendlyPos="1"/>
    <busStop id="414" lane="-379514684_1" startPos="14.60" endPos="24.60" name="dZentraler Omnibus Bahnhof - Bussteig 1"/>
    <busStop id="415" lane="-379007773_1" startPos="8.03" endPos="18.03" name="Zentraler Omnibus Bahnhof"/>
    <busStop id="416" lane="-37282688#3_1" startPos="69.15" endPos="79.15" name="Weningstraße"/>
    <busStop id="417" lane="-356952269_1" startPos="5.04" endPos="13.04" name="dZentraler Omnibus Bahnhof - Bussteig 7" friendlyPos="1"/>
    <busStop id="418" lane="379721535_1" startPos="24.12" endPos="73.62" name="Hauptbahnhof" friendlyPos="1"/>
    <busStop id="419" lane="379721536#0_1" startPos="14.03" endPos="64.60" name="Hauptbahnhof" friendlyPos="1"/>
    <busStop id="42" lane="-29459180#0_1" startPos="13.07" endPos="23.07" name="Am Augraben"/>
    <busStop id="420" lane="-32924041#3_1" startPos="16.85" endPos="36.85" name="Harderstraße"/>
    <busStop id="421" lane="-32923867#4_1" startPos="0.57" endPos="24.57" name="Brückenkopf"/>
    <busStop id="422" lane="13_1" startPos="182.69" endPos="197.69" name="Berliner Straße"/>
    <busStop id="423" lane="-379514692_1" startPos="15.16" endPos="25.16" name="dZentraler Omnibus Bahnhof - Bussteig 10" friendlyPos="1"/>
    <busStop id="43" lane="-29458096_1" startPos="20.80" endPos="30.80" name="Zentraler Omnibus Bahnhof"/>
    <busStop id="44" lane="-29238024_1" startPos="2.81" endPos="10.00" name="Zentraler Omnibus Bahnhof" friendlyPos="1"/>
    <busStop id="45" lane="653473569#3_1" startPos="17.90" endPos="32.90" name="Heidemannstraße" friendlyPos="1"/>
    <busStop id="46" lane="18813598#7_1" startPos="271.62" endPos="286.62" name="Zoo Wasserstern" friendlyPos="1"/>
    <busStop id="47" lane="18813598#0_1" startPos="22.09" endPos="37.54" name="Degenhartstraße" friendlyPos="1"/>
    <busStop id="48" lane="18809673#13_1" startPos="285.36" endPos="300.36" name="Sustrisstraße" lines="50"/>
    <busStop id="49" lane="23622107#4_1" startPos="12.16" endPos="27.16" name="Effnerstraße" friendlyPos="1"/>
    <busStop id="50" lane="-29238023_1" startPos="3.73" endPos="12.73" name="Zentraler Omnibus Bahnhof" friendlyPos="1"/>
    <busStop id="51" lane="391606911#0_1" startPos="15.64" endPos="30.64" name="Jupiterstraße" friendlyPos="1"/>
    <busStop id="52" lane="-29238016_1" startPos="5.71" endPos="13.71" name="dZentraler Omnibus Bahnhof - Bussteig 3" friendlyPos="1"/>
    <busStop id="53" lane="-29027727#8_1" startPos="17.81" endPos="27.81" name="Wielandstraße"/>
    <busStop id="54" lane="-29027727#2_1" startPos="135.12" endPos="150.12" name="Nordbahnhof Ost"/>
    <busStop id="55" lane="-28319300#2_1" startPos="98.62" endPos="113.62" name="Peter-Steuart-Heim"/>
    <busStop id="56" lane="-274823622#1_1" startPos="8.17" endPos="18.17" name="Oberer Grasweg"/>
    <busStop id="57" lane="-27196044#3_1" startPos="2.86" endPos="17.86" name="Semmerseeweg" friendlyPos="1"/>
    <busStop id="58" lane="201078448#2_1" startPos="147.75" endPos="160.74" name="St. Anton" friendlyPos="1"/>
    <busStop id="59" lane="-266887593#3_1" startPos="98.23" endPos="108.23" name="Pionierkaserne"/>
    <busStop id="60" lane="-26677214#2_1" startPos="29.71" endPos="44.71" name="Pfitznerstraße" friendlyPos="1" lines="44"/>
    <busStop id="61" lane="233675413#2_1" startPos="8.27" endPos="18.27" name="Buxheimer Weg" friendlyPos="1"/>
    <busStop id="62" lane="-266607804#1_1" startPos="22.42" endPos="36.42" name="St. Markus"/>
    <busStop id="63" lane="-266607795#5_1" startPos="275.53" endPos="285.53" name="Schneiderbauerstraße"/>
    <busStop id="64" lane="-26356922#6_1" startPos="203.16" endPos="218.16" name="Speckweg" friendlyPos="1"/>
    <busStop id="65" lane="-26288509#6_1" startPos="19.44" endPos="34.44" name="Wittelsbacherstraße" friendlyPos="1"/>
    <busStop id="66" lane="-25699307#1_1" startPos="6.71" endPos="16.71" name="Schrobenhausener Straße"/>
    <busStop id="67" lane="-25638761#2_1" startPos="23.08" endPos="33.08" name="Georgstraße" friendlyPos="1"/>
    <busStop id="68" lane="-115881043#10_1" startPos="145.82" endPos="160.82" name="Breslauer Straße"/>
    <busStop id="69" lane="-25626614#2_1" startPos="1.40" endPos="16.40" name="Peringerstraße" friendlyPos="1"/>
    <busStop id="70" lane="-25377287#4_1" startPos="2.39" endPos="12.39" name="Röntgenstraße" friendlyPos="1"/>
    <busStop id="71" lane="201201936#2_1" startPos="314.44" endPos="324.44" name="Bei der Hollerstaude" friendlyPos="1"/>
    <busStop id="72" lane="-24982688#4_1" startPos="11.31" endPos="31.31" name="Rathausplatz"/>
    <busStop id="73" lane="201201935#0_1" startPos="396.36" endPos="406.86" name="Schatzgerstraße" friendlyPos="1"/>
    <busStop id="74" lane="201201940#0_1" startPos="95.97" endPos="105.97" name="Johann-Michael-Sailer-Straße" friendlyPos="1"/>
    <busStop id="75" lane="129379922_1" startPos="16.09" endPos="31.09" name="Audi - Senefelderstraße" friendlyPos="1"/>
    <busStop id="76" lane="-24970784#3_1" startPos="28.62" endPos="38.62" name="Frühlingstraße"/>
    <busStop id="77" lane="32923867#4_1" startPos="1.19" endPos="25.19" name="Brückenkopf" friendlyPos="1"/>
    <busStop id="78" lane="-24754876#6_1" startPos="30.52" endPos="45.52" name="Levelingstraße" friendlyPos="1"/>
    <busStop id="79" lane="-24754837#7_1" startPos="79.58" endPos="94.58" name="Schultheißstraße" friendlyPos="1"/>
    <busStop id="80" lane="201950263#0_1" startPos="132.69" endPos="147.69" name="Nordfriedhof"/>
    <busStop id="81" lane="201950263#7_1" startPos="28.31" endPos="43.31" name="Waldeysenstraße" friendlyPos="1"/>
    <busStop id="82" lane="-24754837#2_1" startPos="18.47" endPos="33.47" name="Werdenfelser Straße" friendlyPos="1"/>
    <busStop id="83" lane="-24754837#1_1" startPos="169.55" endPos="184.55" name="Am Dachsberg" friendlyPos="1"/>
    <busStop id="84" lane="-24693977#1_1" startPos="14.92" endPos="29.92" name="Telemannstraße" friendlyPos="1"/>
    <busStop id="85" lane="-24537982#2_1" startPos="2.96" endPos="12.96" name="Rechbergstraße"/>
    <busStop id="86" lane="gneE6_1" startPos="4.39" endPos="19.39" name="Gaimersheim, Gewerbegebiet" friendlyPos="1"/>
    <busStop id="87" lane="-23622107#3_1" startPos="4.05" endPos="19.05" name="Effnerstraße" friendlyPos="1"/>
    <busStop id="88" lane="97304242#2_1" startPos="57.64" endPos="67.64" name="Unterhaunstädter Weg" friendlyPos="1"/>
    <busStop id="89" lane="-23622056#3_1" startPos="73.17" endPos="88.17" name="Pfingstäckerweg" lines="58"/>
    <busStop id="90" lane="-233675413#2_1" startPos="45.25" endPos="55.25" name="Buxheimer Weg"/>
    <busStop id="91" lane="40888351#0_1" startPos="28.03" endPos="43.03" name="Leharstraße" friendlyPos="1"/>
    <busStop id="92" lane="-233673422#4_1" startPos="25.99" endPos="35.99" name="St. Salvator"/>
    <busStop id="93" lane="-233673410#0_1" startPos="9.86" endPos="19.86" name="Klinik Dr. Reiser"/>
    <busStop id="94" lane="201953161#0_1" startPos="296.99" endPos="311.99" name="Breslauer Straße" lines="51"/>
    <busStop id="95" lane="-23184252#1_1" startPos="50.65" endPos="60.65" name="Feselenstraße"/>
    <busStop id="96" lane="-23184143#6_1" startPos="2.82" endPos="17.82" name="Oberringstraße" friendlyPos="1"/>
    <busStop id="97" lane="-23184143#4_1" startPos="38.94" endPos="53.94" name="Zeppelinstraße" friendlyPos="1"/>
    <busStop id="98" lane="-23184143#0_1" startPos="6.62" endPos="21.62" name="Spitalhofstraße" friendlyPos="1"/>
    <busStop id="99" lane="-22486112#1_1" startPos="68.66" endPos="78.66" name="Erletstraße"/>
</additional>
