<?xml version="1.0" encoding="UTF-8"?>

<!-- generated on 2023-10-19 23:13:32 by Eclipse SUMO GUI Version 1.12.0
<configuration xmlns:xsi="http://www.w3.org/2001/XMLSchema-instance" xsi:noNamespaceSchemaLocation="http://sumo.dlr.de/xsd/sumoConfiguration.xsd">

    <input>
        <net-file value="../../InTAS/scenario/ingolstadt.net.xml"/>
        <route-files value="../../InTAS/scenario/routes/InTAS_emv_6_8.5.rou.xml,../../InTAS/scenario/routes/InTAS_003.rou.xml,../../InTAS/scenario/routes/InTAS_004.rou.xml,../../InTAS/scenario/routes/InTAS_005.rou.xml,../../InTAS/scenario/routes/InTAS_006.rou.xml,../../InTAS/scenario/routes/InTAS_007.rou.xml"/>
        <additional-files value="../../InTAS/scenario/BusStations.add.xml,../../InTAS/scenario/InTAS_E1.add.xml,../../InTAS/scenario/InTAS.poly.xml"/>
    </input>

    <output>
        <summary-output value="../../InTAS/scenario/InTAS.simulation.summary.xml"/>
        <tripinfo-output value="../../InTAS/scenario/InTAS.simulation.tripinfo.xml"/>
        <statistic-output value="../../InTAS/scenario/InTAS.simulation.statistic.xml"/>
    </output>

    <time>
        <begin value="24000"/>
        <step-length value="1"/>
    </time>

    <processing>
        <threads value="1"/>
        <lateral-resolution value="1"/>
        <route-steps value="200"/>
        <ignore-junction-blocker value="15"/>
        <ignore-route-errors value="true"/>
        <time-to-teleport value="300"/>
        <time-to-teleport.highways value="300"/>
        <max-depart-delay value="300"/>
        <default.carfollowmodel value="Krauss"/>
        <parking.maneuver value="true"/>
        <pedestrian.model value="striping"/>
        <pedestrian.striping.stripe-width value="0.55"/>
        <pedestrian.striping.jamtime value="30"/>
    </processing>

    <routing>
        <routing-algorithm value="dijkstra"/>
        <persontrip.transfer.car-walk value="allJunctions"/>
        <device.rerouting.probability value="0.82"/>
        <device.rerouting.explicit value="default_001,default_002,default_003,default_004,default_005,default_006,default_007,default_008,default_009,default_010,default_011,default_012,default_013,default_014,default_015,default_016,default_017,default_018,default_019,default_020,default_021,default_022,random_001,random_002,random_003,random_004,random_005,random_006,random_007,random_008,random_009,random_010,random_011,random_012,random_013,random_014,random_015,random_016,random_017,random_018,random_019,random_020,random_021,random_022"/>
        <device.rerouting.period value="300"/>
        <device.rerouting.threads value="1"/>
        <device.rerouting.synchronize value="true"/>
    </routing>

    <report>
        <verbose value="true"/>
        <no-warnings value="true"/>
        <log value="../../InTAS/scenario/InTAS.simulation.log"/>
        <duration-log.statistics value="true"/>
    </report>

    <bluelight_device>
        <device.bluelight.explicit value="emv_0,emv_1,emv_2,emv_3,emv_4,emv_5,emv_6,emv_7,emv_8,emv_9,emv_10,emv_11,emv_12,emv_13,emv_14"/>
        <device.bluelight.reactiondist value="300"/>
    </bluelight_device>

    <tripinfo_device>
        <device.tripinfo.probability value="0"/>
    </tripinfo_device>

    <traci_server>
        <remote-port value="39789"/>
    </traci_server>

    <gui_only>
        <gui-settings-file value="../../InTAS/scenario/InTAS.view.xml"/>
        <tracker-interval value="1"/>
    </gui_only>

</configuration>
-->

<detector xmlns:xsi="http://www.w3.org/2001/XMLSchema-instance" xsi:noNamespaceSchemaLocation="http://sumo.dlr.de/xsd/det_e1_file.xsd">
    <interval begin="24000.00" end="24900.00" id="1010_1" nVehContrib="0" flow="0.00" occupancy="0.00" speed="-1.00" harmonicMeanSpeed="-1.00" length="-1.00" nVehEntered="0"/>
    <interval begin="24000.00" end="24900.00" id="1010_10" nVehContrib="11" flow="44.00" occupancy="0.54" speed="12.24" harmonicMeanSpeed="11.38" length="5.00" nVehEntered="11"/>
    <interval begin="24000.00" end="24900.00" id="1010_11" nVehContrib="2" flow="8.00" occupancy="2.98" speed="0.48" harmonicMeanSpeed="0.37" length="5.00" nVehEntered="2"/>
    <interval begin="24000.00" end="24900.00" id="1010_12" nVehContrib="63" flow="252.00" occupancy="21.55" speed="8.83" harmonicMeanSpeed="1.64" length="5.00" nVehEntered="68"/>
    <interval begin="24000.00" end="24900.00" id="1010_13" nVehContrib="0" flow="0.00" occupancy="0.00" speed="-1.00" harmonicMeanSpeed="-1.00" length="-1.00" nVehEntered="0"/>
    <interval begin="24000.00" end="24900.00" id="1010_14" nVehContrib="32" flow="128.00" occupancy="3.08" speed="8.44" harmonicMeanSpeed="5.78" length="5.00" nVehEntered="32"/>
    <interval begin="24000.00" end="24900.00" id="1010_15" nVehContrib="13" flow="52.00" occupancy="4.94" speed="8.62" harmonicMeanSpeed="7.02" length="5.00" nVehEntered="14"/>
    <interval begin="24000.00" end="24900.00" id="1010_16" nVehContrib="15" flow="60.00" occupancy="5.08" speed="6.57" harmonicMeanSpeed="1.66" length="5.00" nVehEntered="17"/>
    <interval begin="24000.00" end="24900.00" id="1010_2" nVehContrib="0" flow="0.00" occupancy="0.00" speed="-1.00" harmonicMeanSpeed="-1.00" length="-1.00" nVehEntered="0"/>
    <interval begin="24000.00" end="24900.00" id="1010_3" nVehContrib="1" flow="4.00" occupancy="0.04" speed="14.63" harmonicMeanSpeed="14.63" length="5.00" nVehEntered="1"/>
    <interval begin="24000.00" end="24900.00" id="1010_4" nVehContrib="0" flow="0.00" occupancy="0.00" speed="-1.00" harmonicMeanSpeed="-1.00" length="-1.00" nVehEntered="0"/>
    <interval begin="24000.00" end="24900.00" id="1010_5" nVehContrib="0" flow="0.00" occupancy="0.00" speed="-1.00" harmonicMeanSpeed="-1.00" length="-1.00" nVehEntered="0"/>
    <interval begin="24000.00" end="24900.00" id="1010_6" nVehContrib="3" flow="12.00" occupancy="0.13" speed="12.61" harmonicMeanSpeed="12.51" length="5.00" nVehEntered="3"/>
    <interval begin="24000.00" end="24900.00" id="1010_7" nVehContrib="54" flow="216.00" occupancy="2.38" speed="12.72" harmonicMeanSpeed="12.58" length="5.00" nVehEntered="54"/>
    <interval begin="24000.00" end="24900.00" id="1010_8" nVehContrib="0" flow="0.00" occupancy="0.00" speed="-1.00" harmonicMeanSpeed="-1.00" length="-1.00" nVehEntered="0"/>
    <interval begin="24000.00" end="24900.00" id="1010_9" nVehContrib="0" flow="0.00" occupancy="0.00" speed="-1.00" harmonicMeanSpeed="-1.00" length="-1.00" nVehEntered="0"/>
    <interval begin="24000.00" end="24900.00" id="1011_1" nVehContrib="59" flow="236.00" occupancy="4.40" speed="10.77" harmonicMeanSpeed="7.44" length="5.00" nVehEntered="59"/>
    <interval begin="24000.00" end="24900.00" id="1011_2" nVehContrib="0" flow="0.00" occupancy="0.00" speed="-1.00" harmonicMeanSpeed="-1.00" length="-1.00" nVehEntered="0"/>
    <interval begin="24000.00" end="24900.00" id="1011_3" nVehContrib="5" flow="20.00" occupancy="0.52" speed="6.08" harmonicMeanSpeed="5.35" length="5.00" nVehEntered="5"/>
    <interval begin="24000.00" end="24900.00" id="1011_4" nVehContrib="28" flow="112.00" occupancy="3.77" speed="6.02" harmonicMeanSpeed="4.15" length="5.00" nVehEntered="29"/>
    <interval begin="24000.00" end="24900.00" id="1011_5" nVehContrib="14" flow="56.00" occupancy="0.60" speed="13.04" harmonicMeanSpeed="12.91" length="5.00" nVehEntered="14"/>
    <interval begin="24000.00" end="24900.00" id="1011_6" nVehContrib="56" flow="224.00" occupancy="7.04" speed="10.20" harmonicMeanSpeed="4.57" length="5.00" nVehEntered="57"/>
    <interval begin="24000.00" end="24900.00" id="1011_7" nVehContrib="0" flow="0.00" occupancy="0.00" speed="-1.00" harmonicMeanSpeed="-1.00" length="-1.00" nVehEntered="0"/>
    <interval begin="24000.00" end="24900.00" id="3021_1" nVehContrib="0" flow="0.00" occupancy="0.00" speed="-1.00" harmonicMeanSpeed="-1.00" length="-1.00" nVehEntered="0"/>
    <interval begin="24000.00" end="24900.00" id="3021_10" nVehContrib="8" flow="32.00" occupancy="13.40" speed="4.55" harmonicMeanSpeed="0.33" length="5.00" nVehEntered="8"/>
    <interval begin="24000.00" end="24900.00" id="3021_2" nVehContrib="3" flow="12.00" occupancy="0.13" speed="13.10" harmonicMeanSpeed="12.98" length="5.00" nVehEntered="3"/>
    <interval begin="24000.00" end="24900.00" id="3021_3" nVehContrib="0" flow="0.00" occupancy="0.00" speed="-1.00" harmonicMeanSpeed="-1.00" length="-1.00" nVehEntered="0"/>
    <interval begin="24000.00" end="24900.00" id="3021_5" nVehContrib="0" flow="0.00" occupancy="0.00" speed="-1.00" harmonicMeanSpeed="-1.00" length="-1.00" nVehEntered="0"/>
    <interval begin="24000.00" end="24900.00" id="3021_6" nVehContrib="47" flow="188.00" occupancy="5.47" speed="11.74" harmonicMeanSpeed="4.85" length="5.00" nVehEntered="48"/>
    <interval begin="24000.00" end="24900.00" id="3021_7" nVehContrib="0" flow="0.00" occupancy="0.00" speed="-1.00" harmonicMeanSpeed="-1.00" length="-1.00" nVehEntered="0"/>
    <interval begin="24000.00" end="24900.00" id="3021_8" nVehContrib="0" flow="0.00" occupancy="0.00" speed="-1.00" harmonicMeanSpeed="-1.00" length="-1.00" nVehEntered="0"/>
    <interval begin="24000.00" end="24900.00" id="3021_9" nVehContrib="0" flow="0.00" occupancy="0.00" speed="-1.00" harmonicMeanSpeed="-1.00" length="-1.00" nVehEntered="0"/>
    <interval begin="24000.00" end="24900.00" id="3022_1" nVehContrib="0" flow="0.00" occupancy="0.00" speed="-1.00" harmonicMeanSpeed="-1.00" length="-1.00" nVehEntered="0"/>
    <interval begin="24000.00" end="24900.00" id="3022_10" nVehContrib="6" flow="24.00" occupancy="2.65" speed="9.17" harmonicMeanSpeed="1.26" length="5.00" nVehEntered="6"/>
    <interval begin="24000.00" end="24900.00" id="3022_2" nVehContrib="2" flow="8.00" occupancy="0.19" speed="10.84" harmonicMeanSpeed="5.79" length="5.00" nVehEntered="2"/>
    <interval begin="24000.00" end="24900.00" id="3022_4" nVehContrib="0" flow="0.00" occupancy="0.00" speed="-1.00" harmonicMeanSpeed="-1.00" length="-1.00" nVehEntered="0"/>
    <interval begin="24000.00" end="24900.00" id="3022_5" nVehContrib="42" flow="168.00" occupancy="2.78" speed="10.44" harmonicMeanSpeed="8.38" length="5.00" nVehEntered="42"/>
    <interval begin="24000.00" end="24900.00" id="3022_6" nVehContrib="1" flow="4.00" occupancy="0.09" speed="6.17" harmonicMeanSpeed="6.17" length="5.00" nVehEntered="1"/>
    <interval begin="24000.00" end="24900.00" id="3022_7" nVehContrib="5" flow="20.00" occupancy="9.13" speed="5.42" harmonicMeanSpeed="0.32" length="5.00" nVehEntered="6"/>
    <interval begin="24000.00" end="24900.00" id="3022_8" nVehContrib="0" flow="0.00" occupancy="0.00" speed="-1.00" harmonicMeanSpeed="-1.00" length="-1.00" nVehEntered="0"/>
    <interval begin="24000.00" end="24900.00" id="3022_9" nVehContrib="89" flow="356.00" occupancy="18.51" speed="9.39" harmonicMeanSpeed="2.67" length="5.00" nVehEntered="89"/>
    <interval begin="24000.00" end="24900.00" id="3100_1" nVehContrib="46" flow="184.00" occupancy="9.33" speed="13.10" harmonicMeanSpeed="2.97" length="5.00" nVehEntered="50"/>
    <interval begin="24000.00" end="24900.00" id="3100_2" nVehContrib="19" flow="76.00" occupancy="7.13" speed="8.32" harmonicMeanSpeed="1.48" length="5.00" nVehEntered="19"/>
    <interval begin="24000.00" end="24900.00" id="3100_3" nVehContrib="1" flow="4.00" occupancy="0.04" speed="13.38" harmonicMeanSpeed="13.38" length="5.00" nVehEntered="1"/>
    <interval begin="24000.00" end="24900.00" id="3100_4_1" nVehContrib="0" flow="0.00" occupancy="0.00" speed="-1.00" harmonicMeanSpeed="-1.00" length="-1.00" nVehEntered="0"/>
    <interval begin="24000.00" end="24900.00" id="3100_4_2" nVehContrib="5" flow="20.00" occupancy="0.39" speed="7.19" harmonicMeanSpeed="7.13" length="5.00" nVehEntered="5"/>
    <interval begin="24000.00" end="24900.00" id="3100_5" nVehContrib="0" flow="0.00" occupancy="0.00" speed="-1.00" harmonicMeanSpeed="-1.00" length="-1.00" nVehEntered="0"/>
    <interval begin="24000.00" end="24900.00" id="3100_6" nVehContrib="28" flow="112.00" occupancy="2.95" speed="6.50" harmonicMeanSpeed="5.27" length="5.00" nVehEntered="28"/>
    <interval begin="24000.00" end="24900.00" id="3100_7_1" nVehContrib="0" flow="0.00" occupancy="0.00" speed="-1.00" harmonicMeanSpeed="-1.00" length="-1.00" nVehEntered="0"/>
    <interval begin="24000.00" end="24900.00" id="3100_7_2" nVehContrib="0" flow="0.00" occupancy="0.00" speed="-1.00" harmonicMeanSpeed="-1.00" length="-1.00" nVehEntered="0"/>
    <interval begin="24000.00" end="24900.00" id="3120_1" nVehContrib="0" flow="0.00" occupancy="0.00" speed="-1.00" harmonicMeanSpeed="-1.00" length="-1.00" nVehEntered="0"/>
    <interval begin="24000.00" end="24900.00" id="3120_10" nVehContrib="14" flow="56.00" occupancy="1.08" speed="8.20" harmonicMeanSpeed="7.19" length="5.00" nVehEntered="14"/>
    <interval begin="24000.00" end="24900.00" id="3120_2" nVehContrib="28" flow="112.00" occupancy="1.63" speed="10.85" harmonicMeanSpeed="9.53" length="5.00" nVehEntered="28"/>
    <interval begin="24000.00" end="24900.00" id="3120_3" nVehContrib="5" flow="20.00" occupancy="5.07" speed="7.47" harmonicMeanSpeed="0.55" length="5.00" nVehEntered="5"/>
    <interval begin="24000.00" end="24900.00" id="3120_4_5" nVehContrib="0" flow="0.00" occupancy="0.00" speed="-1.00" harmonicMeanSpeed="-1.00" length="-1.00" nVehEntered="0"/>
    <interval begin="24000.00" end="24900.00" id="3120_6" nVehContrib="0" flow="0.00" occupancy="0.00" speed="-1.00" harmonicMeanSpeed="-1.00" length="-1.00" nVehEntered="0"/>
    <interval begin="24000.00" end="24900.00" id="3120_7" nVehContrib="95" flow="380.00" occupancy="5.00" speed="11.69" harmonicMeanSpeed="10.72" length="5.00" nVehEntered="99"/>
    <interval begin="24000.00" end="24900.00" id="3120_8" nVehContrib="30" flow="120.00" occupancy="6.18" speed="9.69" harmonicMeanSpeed="2.70" length="5.00" nVehEntered="31"/>
    <interval begin="24000.00" end="24900.00" id="3120_9" nVehContrib="0" flow="0.00" occupancy="0.00" speed="-1.00" harmonicMeanSpeed="-1.00" length="-1.00" nVehEntered="0"/>
    <interval begin="24000.00" end="24900.00" id="3130_1" nVehContrib="0" flow="0.00" occupancy="0.00" speed="-1.00" harmonicMeanSpeed="-1.00" length="-1.00" nVehEntered="0"/>
    <interval begin="24000.00" end="24900.00" id="3130_2" nVehContrib="15" flow="60.00" occupancy="0.65" speed="13.00" harmonicMeanSpeed="12.83" length="5.00" nVehEntered="15"/>
    <interval begin="24000.00" end="24900.00" id="3130_3" nVehContrib="0" flow="0.00" occupancy="0.00" speed="-1.00" harmonicMeanSpeed="-1.00" length="-1.00" nVehEntered="0"/>
    <interval begin="24000.00" end="24900.00" id="3130_4" nVehContrib="0" flow="0.00" occupancy="0.00" speed="-1.00" harmonicMeanSpeed="-1.00" length="-1.00" nVehEntered="0"/>
    <interval begin="24000.00" end="24900.00" id="3130_5" nVehContrib="4" flow="16.00" occupancy="7.91" speed="3.42" harmonicMeanSpeed="0.32" length="5.00" nVehEntered="7"/>
    <interval begin="24000.00" end="24900.00" id="3130_6" nVehContrib="0" flow="0.00" occupancy="0.00" speed="-1.00" harmonicMeanSpeed="-1.00" length="-1.00" nVehEntered="0"/>
    <interval begin="24000.00" end="24900.00" id="3130_7" nVehContrib="86" flow="344.00" occupancy="7.33" speed="8.24" harmonicMeanSpeed="6.60" length="5.00" nVehEntered="87"/>
    <interval begin="24000.00" end="24900.00" id="3130_8" nVehContrib="11" flow="44.00" occupancy="0.33" speed="18.37" harmonicMeanSpeed="18.27" length="5.00" nVehEntered="11"/>
    <interval begin="24000.00" end="24900.00" id="3150_1" nVehContrib="0" flow="0.00" occupancy="0.00" speed="-1.00" harmonicMeanSpeed="-1.00" length="-1.00" nVehEntered="0"/>
    <interval begin="24000.00" end="24900.00" id="3150_10" nVehContrib="0" flow="0.00" occupancy="0.00" speed="-1.00" harmonicMeanSpeed="-1.00" length="-1.00" nVehEntered="0"/>
    <interval begin="24000.00" end="24900.00" id="3150_11" nVehContrib="0" flow="0.00" occupancy="0.00" speed="-1.00" harmonicMeanSpeed="-1.00" length="-1.00" nVehEntered="0"/>
    <interval begin="24000.00" end="24900.00" id="3150_2" nVehContrib="14" flow="56.00" occupancy="23.62" speed="5.44" harmonicMeanSpeed="0.33" length="5.00" nVehEntered="14"/>
    <interval begin="24000.00" end="24900.00" id="3150_3" nVehContrib="33" flow="132.00" occupancy="34.09" speed="6.72" harmonicMeanSpeed="0.54" length="5.00" nVehEntered="33"/>
    <interval begin="24000.00" end="24900.00" id="3150_4" nVehContrib="35" flow="140.00" occupancy="14.12" speed="5.79" harmonicMeanSpeed="1.38" length="5.00" nVehEntered="35"/>
    <interval begin="24000.00" end="24900.00" id="3150_5" nVehContrib="1" flow="4.00" occupancy="0.16" speed="3.56" harmonicMeanSpeed="3.56" length="5.00" nVehEntered="1"/>
    <interval begin="24000.00" end="24900.00" id="3150_7" nVehContrib="90" flow="360.00" occupancy="6.80" speed="10.26" harmonicMeanSpeed="7.95" length="5.00" nVehEntered="91"/>
    <interval begin="24000.00" end="24900.00" id="3150_8" nVehContrib="31" flow="124.00" occupancy="1.62" speed="11.31" harmonicMeanSpeed="10.61" length="5.00" nVehEntered="31"/>
    <interval begin="24000.00" end="24900.00" id="3150_9" nVehContrib="10" flow="40.00" occupancy="11.78" speed="5.74" harmonicMeanSpeed="0.72" length="5.00" nVehEntered="11"/>
    <interval begin="24000.00" end="24900.00" id="4050_1" nVehContrib="0" flow="0.00" occupancy="0.00" speed="-1.00" harmonicMeanSpeed="-1.00" length="-1.00" nVehEntered="0"/>
    <interval begin="24000.00" end="24900.00" id="4050_2" nVehContrib="26" flow="104.00" occupancy="1.66" speed="11.00" harmonicMeanSpeed="8.69" length="5.00" nVehEntered="26"/>
    <interval begin="24000.00" end="24900.00" id="4050_3" nVehContrib="0" flow="0.00" occupancy="0.00" speed="-1.00" harmonicMeanSpeed="-1.00" length="-1.00" nVehEntered="0"/>
    <interval begin="24000.00" end="24900.00" id="4050_4" nVehContrib="74" flow="296.00" occupancy="33.09" speed="8.05" harmonicMeanSpeed="1.28" length="5.00" nVehEntered="75"/>
    <interval begin="24000.00" end="24900.00" id="4050_5" nVehContrib="4" flow="16.00" occupancy="4.37" speed="8.48" harmonicMeanSpeed="0.51" length="5.00" nVehEntered="4"/>
    <interval begin="24000.00" end="24900.00" id="4050_6" nVehContrib="0" flow="0.00" occupancy="0.00" speed="-1.00" harmonicMeanSpeed="-1.00" length="-1.00" nVehEntered="0"/>
    <interval begin="24000.00" end="24900.00" id="4070_1" nVehContrib="0" flow="0.00" occupancy="0.00" speed="-1.00" harmonicMeanSpeed="-1.00" length="-1.00" nVehEntered="0"/>
    <interval begin="24000.00" end="24900.00" id="4070_2" nVehContrib="19" flow="76.00" occupancy="0.93" speed="11.59" harmonicMeanSpeed="11.30" length="5.00" nVehEntered="19"/>
    <interval begin="24000.00" end="24900.00" id="4070_5" nVehContrib="0" flow="0.00" occupancy="0.00" speed="-1.00" harmonicMeanSpeed="-1.00" length="-1.00" nVehEntered="0"/>
    <interval begin="24000.00" end="24900.00" id="4070_6" nVehContrib="0" flow="0.00" occupancy="0.00" speed="-1.00" harmonicMeanSpeed="-1.00" length="-1.00" nVehEntered="0"/>
    <interval begin="24000.00" end="24900.00" id="4070_7" nVehContrib="22" flow="88.00" occupancy="0.94" speed="13.06" harmonicMeanSpeed="12.98" length="5.00" nVehEntered="22"/>
    <interval begin="24000.00" end="24900.00" id="4140_1" nVehContrib="0" flow="0.00" occupancy="0.00" speed="-1.00" harmonicMeanSpeed="-1.00" length="-1.00" nVehEntered="0"/>
    <interval begin="24000.00" end="24900.00" id="4140_10" nVehContrib="38" flow="152.00" occupancy="16.62" speed="9.05" harmonicMeanSpeed="1.57" length="5.00" nVehEntered="45"/>
    <interval begin="24000.00" end="24900.00" id="4140_11" nVehContrib="25" flow="100.00" occupancy="2.95" speed="5.65" harmonicMeanSpeed="4.71" length="5.00" nVehEntered="25"/>
    <interval begin="24000.00" end="24900.00" id="4140_12" nVehContrib="0" flow="0.00" occupancy="0.00" speed="-1.00" harmonicMeanSpeed="-1.00" length="-1.00" nVehEntered="0"/>
    <interval begin="24000.00" end="24900.00" id="4140_13" nVehContrib="6" flow="24.00" occupancy="0.26" speed="12.70" harmonicMeanSpeed="12.63" length="5.00" nVehEntered="6"/>
    <interval begin="24000.00" end="24900.00" id="4140_14" nVehContrib="0" flow="0.00" occupancy="0.00" speed="-1.00" harmonicMeanSpeed="-1.00" length="-1.00" nVehEntered="0"/>
    <interval begin="24000.00" end="24900.00" id="4140_15" nVehContrib="49" flow="196.00" occupancy="3.66" speed="9.09" harmonicMeanSpeed="7.44" length="5.00" nVehEntered="49"/>
    <interval begin="24000.00" end="24900.00" id="4140_2" nVehContrib="0" flow="0.00" occupancy="0.00" speed="-1.00" harmonicMeanSpeed="-1.00" length="-1.00" nVehEntered="0"/>
    <interval begin="24000.00" end="24900.00" id="4140_3" nVehContrib="8" flow="32.00" occupancy="1.24" speed="4.77" harmonicMeanSpeed="3.59" length="5.00" nVehEntered="8"/>
    <interval begin="24000.00" end="24900.00" id="4140_4" nVehContrib="17" flow="68.00" occupancy="19.48" speed="6.26" harmonicMeanSpeed="0.49" length="5.00" nVehEntered="18"/>
    <interval begin="24000.00" end="24900.00" id="4140_5" nVehContrib="0" flow="0.00" occupancy="0.00" speed="-1.00" harmonicMeanSpeed="-1.00" length="-1.00" nVehEntered="0"/>
    <interval begin="24000.00" end="24900.00" id="4140_6" nVehContrib="2" flow="8.00" occupancy="2.91" speed="3.35" harmonicMeanSpeed="0.38" length="5.00" nVehEntered="2"/>
    <interval begin="24000.00" end="24900.00" id="4140_7" nVehContrib="16" flow="64.00" occupancy="24.50" speed="7.50" harmonicMeanSpeed="0.36" length="5.00" nVehEntered="16"/>
    <interval begin="24000.00" end="24900.00" id="4140_8" nVehContrib="0" flow="0.00" occupancy="0.00" speed="-1.00" harmonicMeanSpeed="-1.00" length="-1.00" nVehEntered="0"/>
    <interval begin="24000.00" end="24900.00" id="4140_9" nVehContrib="3" flow="12.00" occupancy="0.33" speed="7.69" harmonicMeanSpeed="5.00" length="5.00" nVehEntered="3"/>
    <interval begin="24000.00" end="24900.00" id="4160_1" nVehContrib="0" flow="0.00" occupancy="0.00" speed="-1.00" harmonicMeanSpeed="-1.00" length="-1.00" nVehEntered="0"/>
    <interval begin="24000.00" end="24900.00" id="4160_2" nVehContrib="0" flow="0.00" occupancy="0.00" speed="-1.00" harmonicMeanSpeed="-1.00" length="-1.00" nVehEntered="0"/>
    <interval begin="24000.00" end="24900.00" id="4160_4" nVehContrib="0" flow="0.00" occupancy="0.00" speed="-1.00" harmonicMeanSpeed="-1.00" length="-1.00" nVehEntered="0"/>
    <interval begin="24000.00" end="24900.00" id="4160_5" nVehContrib="3" flow="12.00" occupancy="0.34" speed="4.99" harmonicMeanSpeed="4.97" length="5.00" nVehEntered="3"/>
    <interval begin="24000.00" end="24900.00" id="4160_6" nVehContrib="11" flow="44.00" occupancy="0.76" speed="10.24" harmonicMeanSpeed="8.01" length="5.00" nVehEntered="11"/>
    <interval begin="24000.00" end="24900.00" id="4160_7" nVehContrib="10" flow="40.00" occupancy="0.80" speed="9.46" harmonicMeanSpeed="6.97" length="5.00" nVehEntered="10"/>
    <interval begin="24000.00" end="24900.00" id="4160_8" nVehContrib="0" flow="0.00" occupancy="0.00" speed="-1.00" harmonicMeanSpeed="-1.00" length="-1.00" nVehEntered="0"/>
    <interval begin="24000.00" end="24900.00" id="4160_9" nVehContrib="0" flow="0.00" occupancy="0.00" speed="-1.00" harmonicMeanSpeed="-1.00" length="-1.00" nVehEntered="0"/>
    <interval begin="24000.00" end="24900.00" id="4210_1" nVehContrib="0" flow="0.00" occupancy="0.00" speed="-1.00" harmonicMeanSpeed="-1.00" length="-1.00" nVehEntered="0"/>
    <interval begin="24000.00" end="24900.00" id="4210_2" nVehContrib="0" flow="0.00" occupancy="0.00" speed="-1.00" harmonicMeanSpeed="-1.00" length="-1.00" nVehEntered="0"/>
    <interval begin="24000.00" end="24900.00" id="4210_3" nVehContrib="9" flow="36.00" occupancy="26.48" speed="3.42" harmonicMeanSpeed="0.21" length="5.00" nVehEntered="10"/>
    <interval begin="24000.00" end="24900.00" id="4210_5" nVehContrib="13" flow="52.00" occupancy="14.65" speed="3.74" harmonicMeanSpeed="0.49" length="5.00" nVehEntered="13"/>
    <interval begin="24000.00" end="24900.00" id="4210_6" nVehContrib="0" flow="0.00" occupancy="0.00" speed="-1.00" harmonicMeanSpeed="-1.00" length="-1.00" nVehEntered="0"/>
    <interval begin="24000.00" end="24900.00" id="4210_8" nVehContrib="0" flow="0.00" occupancy="0.00" speed="-1.00" harmonicMeanSpeed="-1.00" length="-1.00" nVehEntered="0"/>
    <interval begin="24000.00" end="24900.00" id="4240_1" nVehContrib="0" flow="0.00" occupancy="0.00" speed="-1.00" harmonicMeanSpeed="-1.00" length="-1.00" nVehEntered="0"/>
    <interval begin="24000.00" end="24900.00" id="4240_2" nVehContrib="21" flow="84.00" occupancy="2.69" speed="4.67" harmonicMeanSpeed="4.36" length="5.00" nVehEntered="22"/>
    <interval begin="24000.00" end="24900.00" id="4240_3" nVehContrib="0" flow="0.00" occupancy="0.00" speed="-1.00" harmonicMeanSpeed="-1.00" length="-1.00" nVehEntered="0"/>
    <interval begin="24000.00" end="24900.00" id="4240_4" nVehContrib="62" flow="248.00" occupancy="39.58" speed="5.26" harmonicMeanSpeed="0.87" length="5.00" nVehEntered="62"/>
    <interval begin="24000.00" end="24900.00" id="4240_5" nVehContrib="0" flow="0.00" occupancy="0.00" speed="-1.00" harmonicMeanSpeed="-1.00" length="-1.00" nVehEntered="0"/>
    <interval begin="24000.00" end="24900.00" id="4240_6" nVehContrib="6" flow="24.00" occupancy="15.10" speed="2.17" harmonicMeanSpeed="0.22" length="5.00" nVehEntered="6"/>
    <interval begin="24000.00" end="24900.00" id="4240_7" nVehContrib="0" flow="0.00" occupancy="0.00" speed="-1.00" harmonicMeanSpeed="-1.00" length="-1.00" nVehEntered="0"/>
    <interval begin="24000.00" end="24900.00" id="4240_8" nVehContrib="9" flow="36.00" occupancy="3.74" speed="7.22" harmonicMeanSpeed="1.34" length="5.00" nVehEntered="9"/>
    <interval begin="24000.00" end="24900.00" id="4250_1" nVehContrib="107" flow="428.00" occupancy="7.06" speed="10.68" harmonicMeanSpeed="8.69" length="5.00" nVehEntered="108"/>
    <interval begin="24000.00" end="24900.00" id="4250_2" nVehContrib="59" flow="236.00" occupancy="4.35" speed="9.97" harmonicMeanSpeed="7.54" length="5.00" nVehEntered="59"/>
    <interval begin="24000.00" end="24900.00" id="4250_4" nVehContrib="0" flow="0.00" occupancy="0.00" speed="-1.00" harmonicMeanSpeed="-1.00" length="-1.00" nVehEntered="0"/>
    <interval begin="24000.00" end="24900.00" id="4250_6" nVehContrib="17" flow="68.00" occupancy="24.79" speed="4.05" harmonicMeanSpeed="0.38" length="5.00" nVehEntered="18"/>
    <interval begin="24000.00" end="24900.00" id="4250_8" nVehContrib="0" flow="0.00" occupancy="0.00" speed="-1.00" harmonicMeanSpeed="-1.00" length="-1.00" nVehEntered="0"/>
    <interval begin="24000.00" end="24900.00" id="4250_9" nVehContrib="1" flow="4.00" occupancy="0.05" speed="11.99" harmonicMeanSpeed="11.99" length="5.00" nVehEntered="1"/>
    <interval begin="24000.00" end="24900.00" id="5012_1" nVehContrib="0" flow="0.00" occupancy="0.00" speed="-1.00" harmonicMeanSpeed="-1.00" length="-1.00" nVehEntered="0"/>
    <interval begin="24000.00" end="24900.00" id="5012_2" nVehContrib="28" flow="112.00" occupancy="1.47" speed="12.07" harmonicMeanSpeed="11.72" length="5.00" nVehEntered="31"/>
    <interval begin="24000.00" end="24900.00" id="5012_3" nVehContrib="10" flow="40.00" occupancy="0.59" speed="11.02" harmonicMeanSpeed="9.37" length="5.00" nVehEntered="10"/>
    <interval begin="24000.00" end="24900.00" id="5012_4" nVehContrib="0" flow="0.00" occupancy="0.00" speed="-1.00" harmonicMeanSpeed="-1.00" length="-1.00" nVehEntered="0"/>
    <interval begin="24000.00" end="24900.00" id="5012_5" nVehContrib="12" flow="48.00" occupancy="4.50" speed="4.99" harmonicMeanSpeed="1.64" length="5.00" nVehEntered="13"/>
    <interval begin="24000.00" end="24900.00" id="5012_6" nVehContrib="0" flow="0.00" occupancy="0.00" speed="-1.00" harmonicMeanSpeed="-1.00" length="-1.00" nVehEntered="0"/>
    <interval begin="24000.00" end="24900.00" id="5012_7" nVehContrib="7" flow="28.00" occupancy="1.00" speed="5.31" harmonicMeanSpeed="5.03" length="5.00" nVehEntered="8"/>
    <interval begin="24000.00" end="24900.00" id="5012_8" nVehContrib="23" flow="92.00" occupancy="2.18" speed="8.41" harmonicMeanSpeed="5.86" length="5.00" nVehEntered="23"/>
    <interval begin="24000.00" end="24900.00" id="5030_1" nVehContrib="0" flow="0.00" occupancy="0.00" speed="-1.00" harmonicMeanSpeed="-1.00" length="-1.00" nVehEntered="0"/>
    <interval begin="24000.00" end="24900.00" id="5030_10" nVehContrib="17" flow="68.00" occupancy="35.43" speed="4.99" harmonicMeanSpeed="0.27" length="5.00" nVehEntered="17"/>
    <interval begin="24000.00" end="24900.00" id="5030_2" nVehContrib="22" flow="88.00" occupancy="8.57" speed="8.51" harmonicMeanSpeed="1.43" length="5.00" nVehEntered="22"/>
    <interval begin="24000.00" end="24900.00" id="5030_3" nVehContrib="36" flow="144.00" occupancy="12.14" speed="9.73" harmonicMeanSpeed="1.65" length="5.00" nVehEntered="36"/>
    <interval begin="24000.00" end="24900.00" id="5030_4" nVehContrib="34" flow="136.00" occupancy="34.21" speed="5.31" harmonicMeanSpeed="0.57" length="5.00" nVehEntered="35"/>
    <interval begin="24000.00" end="24900.00" id="5030_5" nVehContrib="0" flow="0.00" occupancy="0.00" speed="-1.00" harmonicMeanSpeed="-1.00" length="-1.00" nVehEntered="0"/>
    <interval begin="24000.00" end="24900.00" id="5030_6" nVehContrib="35" flow="140.00" occupancy="2.72" speed="9.17" harmonicMeanSpeed="7.30" length="5.00" nVehEntered="36"/>
    <interval begin="24000.00" end="24900.00" id="5030_7" nVehContrib="13" flow="52.00" occupancy="2.05" speed="5.21" harmonicMeanSpeed="3.53" length="5.00" nVehEntered="13"/>
    <interval begin="24000.00" end="24900.00" id="5030_8" nVehContrib="13" flow="52.00" occupancy="1.79" speed="4.13" harmonicMeanSpeed="4.04" length="5.00" nVehEntered="13"/>
    <interval begin="24000.00" end="24900.00" id="5030_9" nVehContrib="0" flow="0.00" occupancy="0.00" speed="-1.00" harmonicMeanSpeed="-1.00" length="-1.00" nVehEntered="0"/>
    <interval begin="24000.00" end="24900.00" id="5050_1" nVehContrib="0" flow="0.00" occupancy="0.00" speed="-1.00" harmonicMeanSpeed="-1.00" length="-1.00" nVehEntered="0"/>
    <interval begin="24000.00" end="24900.00" id="5050_2" nVehContrib="34" flow="136.00" occupancy="3.54" speed="9.89" harmonicMeanSpeed="5.33" length="5.00" nVehEntered="34"/>
    <interval begin="24000.00" end="24900.00" id="5050_3" nVehContrib="46" flow="184.00" occupancy="8.62" speed="7.73" harmonicMeanSpeed="2.97" length="5.00" nVehEntered="46"/>
    <interval begin="24000.00" end="24900.00" id="5050_4" nVehContrib="0" flow="0.00" occupancy="0.00" speed="-1.00" harmonicMeanSpeed="-1.00" length="-1.00" nVehEntered="0"/>
    <interval begin="24000.00" end="24900.00" id="5050_5" nVehContrib="9" flow="36.00" occupancy="0.69" speed="9.76" harmonicMeanSpeed="7.26" length="5.00" nVehEntered="9"/>
    <interval begin="24000.00" end="24900.00" id="5050_6" nVehContrib="101" flow="404.00" occupancy="8.94" speed="7.86" harmonicMeanSpeed="6.29" length="5.00" nVehEntered="102"/>
    <interval begin="24000.00" end="24900.00" id="5050_7" nVehContrib="0" flow="0.00" occupancy="0.00" speed="-1.00" harmonicMeanSpeed="-1.00" length="-1.00" nVehEntered="0"/>
    <interval begin="24000.00" end="24900.00" id="5050_8" nVehContrib="3" flow="12.00" occupancy="0.13" speed="13.24" harmonicMeanSpeed="13.24" length="5.00" nVehEntered="3"/>
    <interval begin="24000.00" end="24900.00" id="5050_9" nVehContrib="0" flow="0.00" occupancy="0.00" speed="-1.00" harmonicMeanSpeed="-1.00" length="-1.00" nVehEntered="0"/>
    <interval begin="24000.00" end="24900.00" id="5060_1" nVehContrib="0" flow="0.00" occupancy="0.00" speed="-1.00" harmonicMeanSpeed="-1.00" length="-1.00" nVehEntered="0"/>
    <interval begin="24000.00" end="24900.00" id="5060_2" nVehContrib="73" flow="292.00" occupancy="3.29" speed="12.46" harmonicMeanSpeed="12.31" length="5.00" nVehEntered="73"/>
    <interval begin="24000.00" end="24900.00" id="5060_3" nVehContrib="47" flow="188.00" occupancy="2.09" speed="12.60" harmonicMeanSpeed="12.52" length="5.00" nVehEntered="47"/>
    <interval begin="24000.00" end="24900.00" id="5060_7" nVehContrib="0" flow="0.00" occupancy="0.00" speed="-1.00" harmonicMeanSpeed="-1.00" length="-1.00" nVehEntered="0"/>
    <interval begin="24000.00" end="24900.00" id="6022_1" nVehContrib="0" flow="0.00" occupancy="0.00" speed="-1.00" harmonicMeanSpeed="-1.00" length="-1.00" nVehEntered="0"/>
    <interval begin="24000.00" end="24900.00" id="6022_2" nVehContrib="40" flow="160.00" occupancy="1.82" speed="12.41" harmonicMeanSpeed="12.23" length="5.00" nVehEntered="40"/>
    <interval begin="24000.00" end="24900.00" id="6022_4" nVehContrib="0" flow="0.00" occupancy="0.00" speed="-1.00" harmonicMeanSpeed="-1.00" length="-1.00" nVehEntered="0"/>
    <interval begin="24000.00" end="24900.00" id="6022_5" nVehContrib="44" flow="176.00" occupancy="2.16" speed="11.78" harmonicMeanSpeed="11.33" length="5.00" nVehEntered="44"/>
    <interval begin="24000.00" end="24900.00" id="6030_1" nVehContrib="0" flow="0.00" occupancy="0.00" speed="-1.00" harmonicMeanSpeed="-1.00" length="-1.00" nVehEntered="0"/>
    <interval begin="24000.00" end="24900.00" id="6030_2" nVehContrib="80" flow="320.00" occupancy="5.59" speed="10.99" harmonicMeanSpeed="7.99" length="5.00" nVehEntered="81"/>
    <interval begin="24000.00" end="24900.00" id="6030_8" nVehContrib="0" flow="0.00" occupancy="0.00" speed="-1.00" harmonicMeanSpeed="-1.00" length="-1.00" nVehEntered="0"/>
    <interval begin="24000.00" end="24900.00" id="6030_9" nVehContrib="109" flow="436.00" occupancy="5.03" speed="12.20" harmonicMeanSpeed="12.04" length="5.00" nVehEntered="109"/>
    <interval begin="24000.00" end="24900.00" id="8001_1" nVehContrib="0" flow="0.00" occupancy="0.00" speed="-1.00" harmonicMeanSpeed="-1.00" length="-1.00" nVehEntered="0"/>
    <interval begin="24000.00" end="24900.00" id="8001_2" nVehContrib="101" flow="404.00" occupancy="8.81" speed="7.93" harmonicMeanSpeed="6.42" length="5.00" nVehEntered="103"/>
    <interval begin="24000.00" end="24900.00" id="8001_3" nVehContrib="93" flow="372.00" occupancy="35.51" speed="10.21" harmonicMeanSpeed="1.57" length="5.00" nVehEntered="94"/>
    <interval begin="24000.00" end="24900.00" id="8001_4" nVehContrib="0" flow="0.00" occupancy="0.00" speed="-1.00" harmonicMeanSpeed="-1.00" length="-1.00" nVehEntered="0"/>
    <interval begin="24000.00" end="24900.00" id="8001_5" nVehContrib="0" flow="0.00" occupancy="0.00" speed="-1.00" harmonicMeanSpeed="-1.00" length="-1.00" nVehEntered="0"/>
    <interval begin="24000.00" end="24900.00" id="8001_6" nVehContrib="21" flow="84.00" occupancy="0.91" speed="13.02" harmonicMeanSpeed="12.86" length="5.00" nVehEntered="21"/>
    <interval begin="24000.00" end="24900.00" id="8001_7" nVehContrib="6" flow="24.00" occupancy="7.85" speed="3.94" harmonicMeanSpeed="0.54" length="5.00" nVehEntered="7"/>
    <interval begin="24000.00" end="24900.00" id="8001_8" nVehContrib="9" flow="36.00" occupancy="6.59" speed="9.00" harmonicMeanSpeed="0.76" length="5.00" nVehEntered="9"/>
    <interval begin="24000.00" end="24900.00" id="8001_9" nVehContrib="33" flow="132.00" occupancy="33.01" speed="8.24" harmonicMeanSpeed="0.73" length="5.00" nVehEntered="34"/>
    <interval begin="24000.00" end="24900.00" id="8002_2" nVehContrib="0" flow="0.00" occupancy="0.00" speed="-1.00" harmonicMeanSpeed="-1.00" length="-1.00" nVehEntered="0"/>
    <interval begin="24000.00" end="24900.00" id="8002_3" nVehContrib="117" flow="468.00" occupancy="6.09" speed="11.57" harmonicMeanSpeed="10.68" length="5.00" nVehEntered="117"/>
    <interval begin="24000.00" end="24900.00" id="8002_4" nVehContrib="0" flow="0.00" occupancy="0.00" speed="-1.00" harmonicMeanSpeed="-1.00" length="-1.00" nVehEntered="0"/>
    <interval begin="24000.00" end="24900.00" id="8002_5" nVehContrib="39" flow="156.00" occupancy="4.05" speed="11.63" harmonicMeanSpeed="5.35" length="5.00" nVehEntered="39"/>
    <interval begin="24000.00" end="24900.00" id="8005_1" nVehContrib="0" flow="0.00" occupancy="0.00" speed="-1.00" harmonicMeanSpeed="-1.00" length="-1.00" nVehEntered="0"/>
    <interval begin="24000.00" end="24900.00" id="8005_2" nVehContrib="73" flow="292.00" occupancy="5.10" speed="11.14" harmonicMeanSpeed="