<?xml version="1.0" encoding="UTF-8"?>

<!-- generated on 2023-10-19 23:13:31 by Eclipse SUMO GUI Version 1.12.0
<configuration xmlns:xsi="http://www.w3.org/2001/XMLSchema-instance" xsi:noNamespaceSchemaLocation="http://sumo.dlr.de/xsd/sumoConfiguration.xsd">

    <input>
        <net-file value="../../InTAS/scenario/ingolstadt.net.xml"/>
        <route-files value="../../InTAS/scenario/routes/InTAS_emv_6_8.5.rou.xml,../../InTAS/scenario/routes/InTAS_003.rou.xml,../../InTAS/scenario/routes/InTAS_004.rou.xml,../../InTAS/scenario/routes/InTAS_005.rou.xml,../../InTAS/scenario/routes/InTAS_006.rou.xml,../../InTAS/scenario/routes/InTAS_007.rou.xml"/>
        <additional-files value="../../InTAS/scenario/BusStations.add.xml,../../InTAS/scenario/InTAS_E1.add.xml,../../InTAS/scenario/InTAS.poly.xml"/>
    </input>

    <output>
        <summary-output value="../../InTAS/scenario/InTAS.simulation.summary.xml"/>
        <tripinfo-output value="../../InTAS/scenario/InTAS.simulation.tripinfo.xml"/>
        <statistic-output value="../../InTAS/scenario/InTAS.simulation.statistic.xml"/>
    </output>

    <time>
        <begin value="24000"/>
        <step-length value="1"/>
    </time>

    <processing>
        <threads value="1"/>
        <lateral-resolution value="1"/>
        <route-steps value="200"/>
        <ignore-junction-blocker value="15"/>
        <ignore-route-errors value="true"/>
        <time-to-teleport value="300"/>
        <time-to-teleport.highways value="300"/>
        <max-depart-delay value="300"/>
        <default.carfollowmodel value="Krauss"/>
        <parking.maneuver value="true"/>
        <pedestrian.model value="striping"/>
        <pedestrian.striping.stripe-width value="0.55"/>
        <pedestrian.striping.jamtime value="30"/>
    </processing>

    <routing>
        <routing-algorithm value="dijkstra"/>
        <persontrip.transfer.car-walk value="allJunctions"/>
        <device.rerouting.probability value="0.82"/>
        <device.rerouting.explicit value="default_001,default_002,default_003,default_004,default_005,default_006,default_007,default_008,default_009,default_010,default_011,default_012,default_013,default_014,default_015,default_016,default_017,default_018,default_019,default_020,default_021,default_022,random_001,random_002,random_003,random_004,random_005,random_006,random_007,random_008,random_009,random_010,random_011,random_012,random_013,random_014,random_015,random_016,random_017,random_018,random_019,random_020,random_021,random_022"/>
        <device.rerouting.period value="300"/>
        <device.rerouting.threads value="1"/>
        <device.rerouting.synchronize value="true"/>
    </routing>

    <report>
        <verbose value="true"/>
        <no-warnings value="true"/>
        <log value="../../InTAS/scenario/InTAS.simulation.log"/>
        <duration-log.statistics value="true"/>
    </report>

    <bluelight_device>
        <device.bluelight.explicit value="emv_0,emv_1,emv_2,emv_3,emv_4,emv_5,emv_6,emv_7,emv_8,emv_9,emv_10,emv_11,emv_12,emv_13,emv_14"/>
        <device.bluelight.reactiondist value="300"/>
    </bluelight_device>

    <tripinfo_device>
        <device.tripinfo.probability value="0"/>
    </tripinfo_device>

    <traci_server>
        <remote-port value="39789"/>
    </traci_server>

    <gui_only>
        <gui-settings-file value="../../InTAS/scenario/InTAS.view.xml"/>
        <tracker-interval value="1"/>
    </gui_only>

</configuration>
